K,children_perdyad_TPR,other_adult_pooled_TPR,other_adult_n
1,0.077491139277585,0.07246376811594203,207
2,0.09559016200660618,0.09841269841269841,315
3,0.10405850931888204,0.1196808510638298,376
4,0.11221396621645975,0.12325581395348838,430
5,0.11882156141278648,0.12446351931330472,466
6,0.11954446154663394,0.12981744421906694,493
7,0.12412100291143006,0.13529411764705881,510
8,0.1290694889267008,0.13962264150943396,530
9,0.13348611034397043,0.143646408839779,543
10,0.13476921601417496,0.15384615384615385,559
11,0.13645865959441136,0.15263157894736842,570
12,0.13784480904525365,0.153184165232358,581
13,0.13861325790677798,0.15630252100840336,595
14,0.14163691532817652,0.155,600
15,0.14407851008671593,0.1540983606557377,610
16,0.14670335098596898,0.15483870967741936,620
17,0.14872238164838938,0.15629984051036683,627
18,0.15032020516603897,0.1579778830963665,633
19,0.1511924239988355,0.16174183514774496,643
20,0.1518317474124837,0.1617873651771957,649
21,0.15346738233175758,0.16236722306525037,659
22,0.15315918806155018,0.16442451420029897,669
23,0.15431934456176807,0.1656891495601173,682
24,0.1553163718652705,0.1681159420289855,690
25,0.15564009503376341,0.17002881844380405,694
26,0.1559994696702158,0.16975748930099857,701
27,0.15561527279661805,0.17158931082981715,711
28,0.15627805570657377,0.1717877094972067,716
29,0.1566740418220851,0.17270194986072424,718
30,0.15824928566621146,0.17270194986072424,718
31,0.15841988562390996,0.17289073305670816,723
32,0.15898039356676408,0.1717032967032967,728
33,0.16067537503137017,0.17053206002728513,733
34,0.16032175469847645,0.17162162162162162,740
35,0.1611752722668443,0.17269076305220885,747
36,0.16235637403353487,0.17310252996005326,751
37,0.16431173330451754,0.17374005305039789,754
38,0.16458305970431372,0.17391304347826086,759
39,0.16424166443293714,0.1747700394218134,761
40,0.16483914206514855,0.1738562091503268,765
41,0.1660879813706415,0.1738562091503268,765
42,0.16682841565639242,0.17616580310880828,772
43,0.16731968596202826,0.17525773195876287,776
44,0.16842394083162726,0.17503217503217502,777
45,0.16933416213461636,0.17435897435897435,780
46,0.16978823942860924,0.17391304347826086,782
47,0.17010052360120265,0.17369093231162197,783
48,0.1701439609155666,0.17280813214739518,787
49,0.1704418357416052,0.17258883248730963,788
50,0.1720439674714149,0.17424242424242425,792
51,0.17255712624054997,0.17402269861286254,793
52,0.1729139990938127,0.17336683417085427,796
53,0.17287352815965895,0.1735330836454432,801
54,0.17319114913228276,0.17288557213930347,804
55,0.1731500584020301,0.17369727047146402,806
56,0.17289741686694216,0.17407407407407408,810
57,0.17351515760785405,0.17589175891758918,813
58,0.1744033513201363,0.17769607843137256,816
59,0.17482171687031609,0.17704517704517705,819
60,0.17598585957452062,0.17639902676399027,822
61,0.17721089496669587,0.17618469015795868,823
62,0.17840127368466382,0.17533252720677148,827
63,0.1788339613886176,0.1751207729468599,828
64,0.17934886332157063,0.17490952955367914,829
65,0.1799582380305753,0.1752701080432173,833
66,0.1798834090521152,0.17464114832535885,836
67,0.18042933334955147,0.17520858164481526,839
68,0.18033280595136134,0.17577197149643706,842
69,0.18020917202623754,0.17514792899408285,845
70,0.18013654368611323,0.17612293144208038,846
71,0.1810499632149116,0.17785630153121318,849
72,0.18122950308049482,0.17743830787309048,851
73,0.18264348215622964,0.18011695906432748,855
74,0.18271238644371576,0.17990654205607476,856
75,0.18356302171709316,0.17969661610268378,857
76,0.1842781393326773,0.18044237485448195,859
77,0.18482847608342287,0.18213457076566125,862
78,0.18507533251918706,0.18223760092272204,867
79,0.1852222732846827,0.18223760092272204,867
80,0.18582065837209064,0.18411967779056387,869
81,0.18596010696603207,0.1839080459770115,870
82,0.18663252847420922,0.18577981651376146,872
83,0.1864015423882753,0.18628571428571428,875
84,0.18637738562803205,0.18628571428571428,875
85,0.18634799583661635,0.1856492027334852,878
86,0.18631292264196594,0.18657565415244595,879
87,0.18675913490341897,0.18657565415244595,879
88,0.18716479753590032,0.18615209988649262,881
89,0.18744680519127535,0.1857304643261608,883
90,0.18775125867255205,0.18623024830699775,886
91,0.18861751063351792,0.1871476888387824,887
92,0.19020717670965168,0.18785151856017998,889
93,0.19047828958507398,0.18834080717488788,892
94,0.1904522166145111,0.1881298992161254,893
95,0.19097030304080573,0.1888268156424581,895
96,0.1907225561755718,0.18973214285714285,896
97,0.1907910754883568,0.19089900110987792,901
98,0.19053381306645278,0.19089900110987792,901
99,0.190704735731418,0.19047619047619047,903
100,0.19194573289963923,0.19116022099447513,905
101,0.19182862387808078,0.19073869900771775,907
102,0.19232000381372258,0.1912087912087912,910
103,0.19248816370159996,0.19078947368421054,912
104,0.19303395455986205,0.19058050383351588,913
105,0.19363976935671925,0.19323144104803494,916
106,0.19333610572323776,0.193020719738277,917
107,0.1937250640535675,0.1926006528835691,919
108,0.19427809752301536,0.1926006528835691,919
109,0.19439426561465298,0.19326818675352878,921
110,0.1944235024950276,0.19326818675352878,921
111,0.19453105749396293,0.19326818675352878,921
112,0.19457629191343231,0.19326818675352878,921
113,0.1949511829610414,0.19305856832971802,922
114,0.1950791762434081,0.19393282773564463,923
115,0.19481900271762312,0.1945945945945946,925
116,0.1949525059890628,0.19546436285097193,926
117,0.19483453830178607,0.19525350593311758,927
118,0.19508024020405354,0.19483315392895587,929
119,0.19570682507030468,0.19548872180451127,931
120,0.1962424430379056,0.1946524064171123,935
121,0.19692849256836717,0.19530416221985059,937
122,0.19723097587290306,0.19530416221985059,937
123,0.19748646433029493,0.19616204690831557,938
124,0.19738579318935534,0.19701810436634717,939
125,0.19713474160518282,0.19576719576719576,945
126,0.19808194659606418,0.19661733615221988,946
127,0.19792947133768904,0.19661733615221988,946
128,0.1977094358025536,0.19599578503688092,949
129,0.1978325343192224,0.19599578503688092,949
130,0.19768304866828756,0.1957894736842105,950
131,0.19761928813941076,0.1957894736842105,950
132,0.19788928310399442,0.19747899159663865,952
133,0.19794943373367543,0.1968586387434555,955
134,0.19803150943169978,0.1968586387434555,955
135,0.19853368847117356,0.19769874476987448,956
136,0.19830299629852396,0.1981230448383733,959
137,0.1994892412346445,0.19771071800208118,961
138,0.19979286611484426,0.19771071800208118,961
139,0.19962330794586233,0.19833852544132918,963
140,0.1995962509817323,0.19896373056994818,965
141,0.20016858708537186,0.2002063983488132,969
142,0.2004322356649699,0.2002063983488132,969
143,0.2006138885132607,0.19938335046248715,973
144,0.20100538495465212,0.19979508196721313,976
145,0.20097486384689653,0.20040899795501022,978
146,0.20094787426487523,0.20020429009193055,979
147,0.20108083962449916,0.20162932790224034,982
148,0.20104405794532668,0.2020304568527919,985
149,0.20104405794532668,0.2016210739614995,987
150,0.20153446377582873,0.20242914979757085,988
151,0.2014665234995431,0.20242914979757085,988
152,0.20160539419604437,0.20242914979757085,988
153,0.2015456916553003,0.20222446916076844,989
154,0.20127022189313645,0.20161290322580644,992
155,0.20147656461222732,0.20161290322580644,992
156,0.2021426810883009,0.2014098690835851,993
157,0.20186193997209226,0.2012072434607646,994
158,0.20183090965264924,0.20060180541624875,997
159,0.2019417085275765,0.20140280561122245,998
160,0.2019337840647073,0.2022022022022022,999
161,0.20286367334546326,0.202,1000
162,0.2031150141569171,0.2017982017982018,1001
163,0.2031150141569171,0.20159680638722555,1002
164,0.20343066996515766,0.20159680638722555,1002
165,0.20341078322323006,0.20119521912350596,1004
166,0.20308421161622572,0.2019900497512438,1005
167,0.20317195399061463,0.20238095238095238,1008
168,0.20304547534333015,0.20238095238095238,1008
169,0.20294373689316478,0.20297029702970298,1010
170,0.2029145621394611,0.20276953511374876,1011
171,0.20294683053911647,0.20216962524654833,1014
172,0.2029160783271077,0.20216962524654833,1014
173,0.2032675729647634,0.2019704433497537,1015
174,0.203406448070702,0.2015732546705998,1017
175,0.20335550937961325,0.20098039215686275,1020
176,0.2029368754568078,0.20098039215686275,1020
177,0.20285061079365843,0.2013685239491691,1023
178,0.20299456253563283,0.201171875,1024
179,0.20290566637434926,0.20136186770428016,1028
180,0.20286148966752193,0.20077594568380214,1031
181,0.20273538852354323,0.20019342359767892,1034
182,0.2025502328976547,0.20173745173745175,1036
183,0.20274175956604282,0.20250723240115717,1037
184,0.20299047133464135,0.20211742059672763,1039
185,0.20289942000528774,0.20211742059672763,1039
186,0.2028379319612744,0.20249520153550865,1042
187,0.2030272091892542,0.2021072796934866,1044
188,0.2030315185355406,0.20191387559808613,1045
189,0.20292488220053184,0.2032442748091603,1048
190,0.20345379078786244,0.20305052430886558,1049
191,0.2032143577814156,0.20322886989553657,1053
192,0.20410512259809055,0.2037735849056604,1060
193,0.20450400123881393,0.2037735849056604,1060
194,0.20472779998815205,0.20433145009416195,1062
195,0.20485912132779702,0.20433145009416195,1062
196,0.20477261988429285,0.20433145009416195,1062
197,0.20489840120732464,0.20433145009416195,1062
198,0.20511352295923432,0.20356472795497185,1066
199,0.20529012774501906,0.20356472795497185,1066
200,0.2052466664517355,0.2048643592142189,1069
1000000000,0.2258725305298738,0.2154798761609907,1615
