child_name,filename,speaker,source,model_name,model_type,n_attested_nouns,tpr_the,tpr_a,tpr_overall,n_transitions_to_the,n_transitions_to_a,n_previous_a,n_previous_the,n_maintained,n_total
Gail,020806.cha,child,human,Human,baseline,5,1.0,0.5,0.6666666666666666,1,1,1,2,1,3
Gail,020806.cha,mother,human,Human,baseline,5,0.0,0.6666666666666666,0.4,0,2,2,3,3,5
Gail,020806.cha,other_adult,human,Human,baseline,5,,,,0,0,0,0,0,0
Gail,020813.cha,child,human,Human,baseline,5,,0.0,0.0,0,0,0,1,1,1
Gail,020813.cha,mother,human,Human,baseline,5,1.0,0.0,0.5,1,0,1,1,1,2
Gail,020813.cha,other_adult,human,Human,baseline,5,,,,0,0,0,0,0,0
Gail,021112.cha,child,human,Human,baseline,6,0.0,,0.0,0,0,3,0,3,3
Gail,021112.cha,mother,human,Human,baseline,6,0.3333333333333333,,0.3333333333333333,1,0,3,0,2,3
Gail,021112.cha,other_adult,human,Human,baseline,6,,,,0,0,0,0,0,0
Gail,020623.cha,child,human,Human,baseline,2,0.5,,0.5,1,0,2,0,1,2
Gail,020623.cha,mother,human,Human,baseline,2,0.0,0.0,0.0,0,0,2,1,3,3
Gail,020623.cha,other_adult,human,Human,baseline,2,,,,0,0,0,0,0,0
Gail,021105.cha,child,human,Human,baseline,6,,,,0,0,0,0,0,0
Gail,021105.cha,mother,human,Human,baseline,6,,,,0,0,0,0,0,0
Gail,021105.cha,other_adult,human,Human,baseline,6,,,,0,0,0,0,0,0
Gail,020828.cha,child,human,Human,baseline,5,,1.0,1.0,0,1,0,1,0,1
Gail,020828.cha,mother,human,Human,baseline,5,,,,0,0,0,0,0,0
Gail,020828.cha,other_adult,human,Human,baseline,5,,,,0,0,0,0,0,0
Gail,020904.cha,child,human,Human,baseline,5,,,,0,0,0,0,0,0
Gail,020904.cha,mother,human,Human,baseline,5,,,,0,0,0,0,0,0
Gail,020904.cha,other_adult,human,Human,baseline,5,,,,0,0,0,0,0,0
Gail,020720.cha,child,human,Human,baseline,3,1.0,1.0,1.0,1,1,1,1,0,2
Gail,020720.cha,mother,human,Human,baseline,3,,0.0,0.0,0,0,0,1,1,1
Gail,020720.cha,other_adult,human,Human,baseline,3,,,,0,0,0,0,0,0
Gail,021029.cha,child,human,Human,baseline,6,,,,0,0,0,0,0,0
Gail,021029.cha,mother,human,Human,baseline,6,,,,0,0,0,0,0,0
Gail,021029.cha,other_adult,human,Human,baseline,6,,,,0,0,0,0,0,0
Gail,020929.cha,child,human,Human,baseline,5,,1.0,1.0,0,1,0,1,0,1
Gail,020929.cha,mother,human,Human,baseline,5,,,,0,0,0,0,0,0
Gail,020929.cha,other_adult,human,Human,baseline,5,,,,0,0,0,0,0,0
Gail,020925.cha,child,human,Human,baseline,5,,,,0,0,0,0,0,0
Gail,020925.cha,mother,human,Human,baseline,5,,,,0,0,0,0,0,0
Gail,020925.cha,other_adult,human,Human,baseline,5,,,,0,0,0,0,0,0
Gail,020310.cha,child,human,Human,baseline,1,,0.0,0.0,0,0,0,1,1,1
Gail,020310.cha,mother,human,Human,baseline,1,0.0,0.0,0.0,0,0,1,1,2,2
Gail,020310.cha,other_adult,human,Human,baseline,1,,,,0,0,0,0,0,0
Gail,021008.cha,child,human,Human,baseline,6,0.5,,0.5,1,0,2,0,1,2
Gail,021008.cha,mother,human,Human,baseline,6,0.0,,0.0,0,0,2,0,2,2
Gail,021008.cha,other_adult,human,Human,baseline,6,,,,0,0,0,0,0,0
Gail,020317.cha,child,human,Human,baseline,1,,,,0,0,0,0,0,0
Gail,020317.cha,mother,human,Human,baseline,1,,,,0,0,0,0,0,0
Gail,020317.cha,other_adult,human,Human,baseline,1,,,,0,0,0,0,0,0
Dominic,020620.cha,child,human,Human,baseline,4,,,,0,0,0,0,0,0
Dominic,020620.cha,mother,human,Human,baseline,4,,,,0,0,0,0,0,0
Dominic,020620.cha,other_adult,human,Human,baseline,4,,,,0,0,0,0,0,0
Dominic,020230.cha,child,human,Human,baseline,2,0.5,1.0,0.6666666666666666,1,1,2,1,1,3
Dominic,020230.cha,mother,human,Human,baseline,2,0.0,0.0,0.0,0,0,2,1,3,3
Dominic,020230.cha,other_adult,human,Human,baseline,2,,,,0,0,0,0,0,0
Dominic,020021.cha,child,human,Human,baseline,1,,,,0,0,0,0,0,0
Dominic,020021.cha,mother,human,Human,baseline,1,,,,0,0,0,0,0,0
Dominic,020021.cha,other_adult,human,Human,baseline,1,,,,0,0,0,0,0,0
Dominic,020425.cha,child,human,Human,baseline,4,,,,0,0,0,0,0,0
Dominic,020425.cha,mother,human,Human,baseline,4,,,,0,0,0,0,0,0
Dominic,020425.cha,other_adult,human,Human,baseline,4,,,,0,0,0,0,0,0
Dominic,020800.cha,child,human,Human,baseline,6,0.0,,0.0,0,0,1,0,1,1
Dominic,020800.cha,mother,human,Human,baseline,6,0.0,,0.0,0,0,3,0,3,3
Dominic,020800.cha,other_adult,human,Human,baseline,6,,,,0,0,0,0,0,0
Dominic,020829.cha,child,human,Human,baseline,6,0.0,,0.0,0,0,2,0,2,2
Dominic,020829.cha,mother,human,Human,baseline,6,0.0,1.0,0.25,0,1,3,1,3,4
Dominic,020829.cha,other_adult,human,Human,baseline,6,,,,0,0,0,0,0,0
Dominic,020209.cha,child,human,Human,baseline,1,1.0,,1.0,1,0,1,0,0,1
Dominic,020209.cha,mother,human,Human,baseline,1,,1.0,1.0,0,1,0,1,0,1
Dominic,020209.cha,other_adult,human,Human,baseline,1,,,,0,0,0,0,0,0
Dominic,020508.cha,child,human,Human,baseline,4,,,,0,0,0,0,0,0
Dominic,020508.cha,mother,human,Human,baseline,4,,,,0,0,0,0,0,0
Dominic,020508.cha,other_adult,human,Human,baseline,4,,,,0,0,0,0,0,0
Dominic,020119.cha,child,human,Human,baseline,1,,,,0,0,0,0,0,0
Dominic,020119.cha,mother,human,Human,baseline,1,,,,0,0,0,0,0,0
Dominic,020119.cha,other_adult,human,Human,baseline,1,,,,0,0,0,0,0,0
Dominic,020126.cha,child,human,Human,baseline,1,,,,0,0,0,0,0,0
Dominic,020126.cha,mother,human,Human,baseline,1,,,,0,0,0,0,0,0
Dominic,020126.cha,other_adult,human,Human,baseline,1,,,,0,0,0,0,0,0
Dominic,020522.cha,child,human,Human,baseline,4,,,,0,0,0,0,0,0
Dominic,020522.cha,mother,human,Human,baseline,4,,,,0,0,0,0,0,0
Dominic,020522.cha,other_adult,human,Human,baseline,4,,,,0,0,0,0,0,0
Dominic,020724.cha,child,human,Human,baseline,6,0.25,,0.25,1,0,4,0,3,4
Dominic,020724.cha,mother,human,Human,baseline,6,0.25,1.0,0.4,1,1,4,1,3,5
Dominic,020724.cha,other_adult,human,Human,baseline,6,,,,0,0,0,0,0,0
Dominic,021016.cha,child,human,Human,baseline,7,,1.0,1.0,0,1,0,1,0,1
Dominic,021016.cha,mother,human,Human,baseline,7,0.5,,0.5,1,0,2,0,1,2
Dominic,021016.cha,other_adult,human,Human,baseline,7,,,,0,0,0,0,0,0
Dominic,021002.cha,child,human,Human,baseline,7,0.3333333333333333,,0.3333333333333333,1,0,3,0,2,3
Dominic,021002.cha,mother,human,Human,baseline,7,0.75,,0.75,3,0,4,0,1,4
Dominic,021002.cha,other_adult,human,Human,baseline,7,,,,0,0,0,0,0,0
Dominic,011117.cha,child,human,Human,baseline,1,,,,0,0,0,0,0,0
Dominic,011117.cha,mother,human,Human,baseline,1,,,,0,0,0,0,0,0
Dominic,011117.cha,other_adult,human,Human,baseline,1,,,,0,0,0,0,0,0
Dominic,011100.cha,child,human,Human,baseline,1,,,,0,0,0,0,0,0
Dominic,011100.cha,mother,human,Human,baseline,1,,,,0,0,0,0,0,0
Dominic,011100.cha,other_adult,human,Human,baseline,1,,,,0,0,0,0,0,0
Dominic,020717.cha,child,human,Human,baseline,5,0.5,,0.5,1,0,2,0,1,2
Dominic,020717.cha,mother,human,Human,baseline,5,1.0,1.0,1.0,1,1,1,1,0,2
Dominic,020717.cha,other_adult,human,Human,baseline,5,,,,0,0,0,0,0,0
Dominic,020703.cha,child,human,Human,baseline,5,,0.0,0.0,0,0,0,1,1,1
Dominic,020703.cha,mother,human,Human,baseline,5,1.0,,1.0,2,0,2,0,0,2
Dominic,020703.cha,other_adult,human,Human,baseline,5,,,,0,0,0,0,0,0
Dominic,020529.cha,child,human,Human,baseline,4,,,,0,0,0,0,0,0
Dominic,020529.cha,mother,human,Human,baseline,4,,,,0,0,0,0,0,0
Dominic,020529.cha,other_adult,human,Human,baseline,4,,,,0,0,0,0,0,0
Dominic,020501.cha,child,human,Human,baseline,4,,,,0,0,0,0,0,0
Dominic,020501.cha,mother,human,Human,baseline,4,,,,0,0,0,0,0,0
Dominic,020501.cha,other_adult,human,Human,baseline,4,,,,0,0,0,0,0,0
Dominic,020111.cha,child,human,Human,baseline,1,,,,0,0,0,0,0,0
Dominic,020111.cha,mother,human,Human,baseline,1,,,,0,0,0,0,0,0
Dominic,020111.cha,other_adult,human,Human,baseline,1,,,,0,0,0,0,0,0
Dominic,011124.cha,child,human,Human,baseline,1,,,,0,0,0,0,0,0
Dominic,011124.cha,mother,human,Human,baseline,1,,,,0,0,0,0,0,0
Dominic,011124.cha,other_adult,human,Human,baseline,1,,,,0,0,0,0,0,0
Dominic,020919.cha,child,human,Human,baseline,6,0.0,1.0,0.4,0,2,3,2,3,5
Dominic,020919.cha,mother,human,Human,baseline,6,0.4444444444444444,,0.4444444444444444,4,0,9,0,5,9
Dominic,020919.cha,other_adult,human,Human,baseline,6,,,,0,0,0,0,0,0
Dominic,020926.cha,child,human,Human,baseline,6,0.0,,0.0,0,0,3,0,3,3
Dominic,020926.cha,mother,human,Human,baseline,6,0.0,0.0,0.0,0,0,3,1,4,4
Dominic,020926.cha,other_adult,human,Human,baseline,6,,,,0,0,0,0,0,0
Dominic,020328.cha,child,human,Human,baseline,3,0.0,0.6666666666666666,0.4,0,2,2,3,3,5
Dominic,020328.cha,mother,human,Human,baseline,3,0.2,0.0,0.16666666666666666,1,0,5,1,5,6
Dominic,020328.cha,other_adult,human,Human,baseline,3,,,,0,0,0,0,0,0
Dominic,020314.cha,child,human,Human,baseline,2,,,,0,0,0,0,0,0
Dominic,020314.cha,mother,human,Human,baseline,2,,,,0,0,0,0,0,0
Dominic,020314.cha,other_adult,human,Human,baseline,2,,,,0,0,0,0,0,0
Dominic,020007.cha,child,human,Human,baseline,1,,,,0,0,0,0,0,0
Dominic,020007.cha,mother,human,Human,baseline,1,,,,0,0,0,0,0,0
Dominic,020007.cha,other_adult,human,Human,baseline,1,,,,0,0,0,0,0,0
Dominic,011025.cha,child,human,Human,baseline,1,0.0,0.0,0.0,0,0,1,1,2,2
Dominic,011025.cha,mother,human,Human,baseline,1,1.0,0.0,0.5,1,0,1,1,1,2
Dominic,011025.cha,other_adult,human,Human,baseline,1,,,,0,0,0,0,0,0
Dominic,020028.cha,child,human,Human,baseline,1,,,,0,0,0,0,0,0
Dominic,020028.cha,mother,human,Human,baseline,1,,,,0,0,0,0,0,0
Dominic,020028.cha,other_adult,human,Human,baseline,1,,,,0,0,0,0,0,0
Dominic,020216.cha,child,human,Human,baseline,1,,,,0,0,0,0,0,0
Dominic,020216.cha,mother,human,Human,baseline,1,,,,0,0,0,0,0,0
Dominic,020216.cha,other_adult,human,Human,baseline,1,,,,0,0,0,0,0,0
Dominic,020404.cha,child,human,Human,baseline,3,,1.0,1.0,0,2,0,2,0,2
Dominic,020404.cha,mother,human,Human,baseline,3,,,,0,0,0,0,0,0
Dominic,020404.cha,other_adult,human,Human,baseline,3,,,,0,0,0,0,0,0
Dominic,020613.cha,child,human,Human,baseline,4,0.5,0.25,0.3333333333333333,1,1,2,4,4,6
Dominic,020613.cha,mother,human,Human,baseline,4,1.0,0.6666666666666666,0.75,1,2,1,3,1,4
Dominic,020613.cha,other_adult,human,Human,baseline,4,,,,0,0,0,0,0,0
Dominic,020411.cha,child,human,Human,baseline,4,0.0,,0.0,0,0,2,0,2,2
Dominic,020411.cha,mother,human,Human,baseline,4,1.0,1.0,1.0,1,1,1,1,0,2
Dominic,020411.cha,other_adult,human,Human,baseline,4,,,,0,0,0,0,0,0
Dominic,020822.cha,child,human,Human,baseline,6,0.2857142857142857,0.5,0.3333333333333333,2,1,7,2,6,9
Dominic,020822.cha,mother,human,Human,baseline,6,0.0,0.6666666666666666,0.2,0,2,7,3,8,10
Dominic,020822.cha,other_adult,human,Human,baseline,6,,,,0,0,0,0,0,0
Becky,020230.cha,child,human,Human,baseline,3,,,,0,0,0,0,0,0
Becky,020230.cha,mother,human,Human,baseline,3,,,,0,0,0,0,0,0
Becky,020230.cha,other_adult,human,Human,baseline,3,,,,0,0,0,0,0,0
Becky,021101.cha,child,human,Human,baseline,21,0.0,0.5,0.3333333333333333,0,1,1,2,2,3
Becky,021101.cha,mother,human,Human,baseline,21,1.0,1.0,1.0,2,1,2,1,0,3
Becky,021101.cha,other_adult,human,Human,baseline,21,,,,0,0,0,0,0,0
Becky,021115.cha,child,human,Human,baseline,22,,0.0,0.0,0,0,0,1,1,1
Becky,021115.cha,mother,human,Human,baseline,22,0.0,0.0,0.0,0,0,1,1,2,2
Becky,021115.cha,other_adult,human,Human,baseline,22,,,,0,0,0,0,0,0
Becky,020419.cha,child,human,Human,baseline,8,0.0,0.0,0.0,0,0,1,1,2,2
Becky,020419.cha,mother,human,Human,baseline,8,0.0,,0.0,0,0,3,0,3,3
Becky,020419.cha,other_adult,human,Human,baseline,8,,,,0,0,0,0,0,0
Becky,020816.cha,child,human,Human,baseline,16,0.5,,0.5,1,0,2,0,1,2
Becky,020816.cha,mother,human,Human,baseline,16,0.0,0.0,0.0,0,0,2,1,3,3
Becky,020816.cha,other_adult,human,Human,baseline,16,,,,0,0,0,0,0,0
Becky,020802.cha,child,human,Human,baseline,16,,0.0,0.0,0,0,0,2,2,2
Becky,020802.cha,mother,human,Human,baseline,16,0.5,0.0,0.25,1,0,2,2,3,4
Becky,020802.cha,other_adult,human,Human,baseline,16,,,,0,0,0,0,0,0
Becky,020619.cha,child,human,Human,baseline,13,1.0,,1.0,1,0,1,0,0,1
Becky,020619.cha,mother,human,Human,baseline,13,0.3333333333333333,,0.3333333333333333,1,0,3,0,2,3
Becky,020619.cha,other_adult,human,Human,baseline,13,,,,0,0,0,0,0,0
Becky,020508.cha,child,human,Human,baseline,10,,0.0,0.0,0,0,0,1,1,1
Becky,020508.cha,mother,human,Human,baseline,10,0.5,0.0,0.3333333333333333,1,0,2,1,2,3
Becky,020508.cha,other_adult,human,Human,baseline,10,,,,0,0,0,0,0,0
Becky,020124.cha,child,human,Human,baseline,1,,,,0,0,0,0,0,0
Becky,020124.cha,mother,human,Human,baseline,1,,,,0,0,0,0,0,0
Becky,020124.cha,other_adult,human,Human,baseline,1,,,,0,0,0,0,0,0
Becky,020130.cha,child,human,Human,baseline,3,0.0,0.0,0.0,0,0,5,1,6,6
Becky,020130.cha,mother,human,Human,baseline,3,0.0,0.0,0.0,0,0,4,2,6,6
Becky,020130.cha,other_adult,human,Human,baseline,3,,,,0,0,0,0,0,0
Becky,020327.cha,child,human,Human,baseline,7,0.0,1.0,0.5,0,2,2,2,2,4
Becky,020327.cha,mother,human,Human,baseline,7,0.0,0.0,0.0,0,0,3,1,4,4
Becky,020327.cha,other_adult,human,Human,baseline,7,,,,0,0,0,0,0,0
Becky,021011.cha,child,human,Human,baseline,19,1.0,0.3333333333333333,0.5,1,1,1,3,2,4
Becky,021011.cha,mother,human,Human,baseline,19,0.0,0.5,0.25,0,1,2,2,3,4
Becky,021011.cha,other_adult,human,Human,baseline,19,,,,0,0,0,0,0,0
Becky,020709.cha,child,human,Human,baseline,15,0.0,0.6,0.3333333333333333,0,3,4,5,6,9
Becky,020709.cha,mother,human,Human,baseline,15,0.16666666666666666,0.0,0.1111111111111111,1,0,6,3,8,9
Becky,020709.cha,other_adult,human,Human,baseline,15,,,,0,0,0,0,0,0
Becky,020906.cha,child,human,Human,baseline,18,0.16666666666666666,0.5,0.3,1,2,6,4,7,10
Becky,020906.cha,mother,human,Human,baseline,18,0.3333333333333333,0.25,0.2857142857142857,1,1,3,4,5,7
Becky,020906.cha,other_adult,human,Human,baseline,18,,,,0,0,0,0,0,0
Becky,021012.cha,child,human,Human,baseline,20,0.0,,0.0,0,0,4,0,4,4
Becky,021012.cha,mother,human,Human,baseline,20,0.0,0.0,0.0,0,0,2,1,3,3
Becky,021012.cha,other_adult,human,Human,baseline,20,,,,0,0,0,0,0,0
Becky,020913.cha,child,human,Human,baseline,18,0.0,0.5,0.3333333333333333,0,1,1,2,2,3
Becky,020913.cha,mother,human,Human,baseline,18,0.3333333333333333,,0.3333333333333333,1,0,3,0,2,3
Becky,020913.cha,other_adult,human,Human,baseline,18,,,,0,0,0,0,0,0
Becky,020320.cha,child,human,Human,baseline,6,0.5,0.5,0.5,1,2,2,4,3,6
Becky,020320.cha,mother,human,Human,baseline,6,0.0,0.0,0.0,0,0,4,1,5,5
Becky,020320.cha,other_adult,human,Human,baseline,6,,,,0,0,0,0,0,0
Becky,020726.cha,child,human,Human,baseline,16,0.0,,0.0,0,0,2,0,2,2
Becky,020726.cha,mother,human,Human,baseline,16,0.0,0.0,0.0,0,0,1,1,2,2
Becky,020726.cha,other_adult,human,Human,baseline,16,,,,0,0,0,0,0,0
Becky,020529.cha,child,human,Human,baseline,11,,0.0,0.0,0,0,0,1,1,1
Becky,020529.cha,mother,human,Human,baseline,11,0.0,,0.0,0,0,1,0,1,1
Becky,020529.cha,other_adult,human,Human,baseline,11,,,,0,0,0,0,0,0
Becky,020501.cha,child,human,Human,baseline,9,0.5,,0.5,1,0,2,0,1,2
Becky,020501.cha,mother,human,Human,baseline,9,1.0,1.0,1.0,1,1,1,1,0,2
Becky,020501.cha,other_adult,human,Human,baseline,9,,,,0,0,0,0,0,0
Becky,021025.cha,child,human,Human,baseline,20,0.0,1.0,0.5,0,1,1,1,1,2
Becky,021025.cha,mother,human,Human,baseline,20,0.5,,0.5,1,0,2,0,1,2
Becky,021025.cha,other_adult,human,Human,baseline,20,,,,0,0,0,0,0,0
Becky,020702.cha,child,human,Human,baseline,14,0.5,,0.5,1,0,2,0,1,2
Becky,020702.cha,mother,human,Human,baseline,14,0.25,0.0,0.16666666666666666,1,0,4,2,5,6
Becky,020702.cha,other_adult,human,Human,baseline,14,,,,0,0,0,0,0,0
Becky,020629.cha,child,human,Human,baseline,13,1.0,,1.0,1,0,1,0,0,1
Becky,020629.cha,mother,human,Human,baseline,13,0.3333333333333333,,0.3333333333333333,1,0,3,0,2,3
Becky,020629.cha,other_adult,human,Human,baseline,13,,,,0,0,0,0,0,0
Becky,020830.cha,child,human,Human,baseline,16,0.0,0.0,0.0,0,0,2,1,3,3
Becky,020830.cha,mother,human,Human,baseline,16,0.5,1.0,0.6666666666666666,2,2,4,2,2,6
Becky,020830.cha,other_adult,human,Human,baseline,16,,,,0,0,0,0,0,0
Becky,020014.cha,child,human,Human,baseline,1,,0.5,0.5,0,1,0,2,1,2
Becky,020014.cha,mother,human,Human,baseline,1,0.0,0.0,0.0,0,0,1,1,2,2
Becky,020014.cha,other_adult,human,Human,baseline,1,,,,0,0,0,0,0,0
Becky,020028.cha,child,human,Human,baseline,1,,,,0,0,0,0,0,0
Becky,020028.cha,mother,human,Human,baseline,1,,,,0,0,0,0,0,0
Becky,020028.cha,other_adult,human,Human,baseline,1,,,,0,0,0,0,0,0
Becky,021108.cha,child,human,Human,baseline,22,0.0,0.0,0.0,0,0,4,1,5,5
Becky,021108.cha,mother,human,Human,baseline,22,0.3333333333333333,1.0,0.5,1,1,3,1,2,4
Becky,021108.cha,other_adult,human,Human,baseline,22,,,,0,0,0,0,0,0
Becky,020215.cha,child,human,Human,baseline,3,,,,0,0,0,0,0,0
Becky,020215.cha,mother,human,Human,baseline,3,,,,0,0,0,0,0,0
Becky,020215.cha,other_adult,human,Human,baseline,3,,,,0,0,0,0,0,0
Becky,020605.cha,child,human,Human,baseline,12,0.5,,0.5,1,0,2,0,1,2
Becky,020605.cha,mother,human,Human,baseline,12,0.0,,0.0,0,0,2,0,2,2
Becky,020605.cha,other_adult,human,Human,baseline,12,,,,0,0,0,0,0,0
Liz,020230.cha,child,human,Human,baseline,1,0.0,0.0,0.0,0,0,1,1,2,2
Liz,020230.cha,mother,human,Human,baseline,1,1.0,0.0,0.5,1,0,1,1,1,2
Liz,020230.cha,other_adult,human,Human,baseline,1,,,,0,0,0,0,0,0
Liz,020828.cha,child,human,Human,baseline,9,,,,0,0,0,0,0,0
Liz,020828.cha,mother,human,Human,baseline,9,,0.0,0.0,0,0,0,1,1,1
Liz,020828.cha,other_adult,human,Human,baseline,9,,,,0,0,0,0,0,0
Liz,020814.cha,child,human,Human,baseline,9,,,,0,0,0,0,0,0
Liz,020814.cha,mother,human,Human,baseline,9,,,,0,0,0,0,0,0
Liz,020814.cha,other_adult,human,Human,baseline,9,,,,0,0,0,0,0,0
Liz,020800.cha,child,human,Human,baseline,9,0.3333333333333333,0.0,0.2,1,0,3,2,4,5
Liz,020800.cha,mother,human,Human,baseline,9,0.5,0.0,0.25,1,0,2,2,3,4
Liz,020800.cha,other_adult,human,Human,baseline,9,,,,0,0,0,0,0,0
Liz,020626.cha,child,human,Human,baseline,7,0.0,,0.0,0,0,1,0,1,1
Liz,020626.cha,mother,human,Human,baseline,7,1.0,,1.0,1,0,1,0,0,1
Liz,020626.cha,other_adult,human,Human,baseline,7,,,,0,0,0,0,0,0
Liz,020424.cha,child,human,Human,baseline,3,0.0,,0.0,0,0,1,0,1,1
Liz,020424.cha,mother,human,Human,baseline,3,1.0,1.0,1.0,1,1,1,1,0,2
Liz,020424.cha,other_adult,human,Human,baseline,3,,,,0,0,0,0,0,0
Liz,020327.cha,child,human,Human,baseline,1,,0.0,0.0,0,0,0,1,1,1
Liz,020327.cha,mother,human,Human,baseline,1,,0.0,0.0,0,0,0,1,1,1
Liz,020327.cha,other_adult,human,Human,baseline,1,,,,0,0,0,0,0,0
Liz,021011.cha,child,human,Human,baseline,16,,1.0,1.0,0,1,0,1,0,1
Liz,021011.cha,mother,human,Human,baseline,16,,0.5,0.5,0,1,0,2,1,2
Liz,021011.cha,other_adult,human,Human,baseline,16,,,,0,0,0,0,0,0
Liz,020904.cha,child,human,Human,baseline,14,0.42857142857142855,0.75,0.5454545454545454,3,3,7,4,5,11
Liz,020904.cha,mother,human,Human,baseline,14,0.14285714285714285,0.75,0.36363636363636365,1,3,7,4,7,11
Liz,020904.cha,other_adult,human,Human,baseline,14,,,,0,0,0,0,0,0
Liz,020522.cha,child,human,Human,baseline,7,,0.3333333333333333,0.3333333333333333,0,1,0,3,2,3
Liz,020522.cha,mother,human,Human,baseline,7,1.0,,1.0,2,0,2,0,0,2
Liz,020522.cha,other_adult,human,Human,baseline,7,,,,0,0,0,0,0,0
Liz,020703.cha,child,human,Human,baseline,8,1.0,,1.0,1,0,1,0,0,1
Liz,020703.cha,mother,human,Human,baseline,8,,0.0,0.0,0,0,0,1,1,1
Liz,020703.cha,other_adult,human,Human,baseline,8,,,,0,0,0,0,0,0
Liz,020918.cha,child,human,Human,baseline,14,0.0,,0.0,0,0,1,0,1,1
Liz,020918.cha,mother,human,Human,baseline,14,1.0,,1.0,1,0,1,0,0,1
Liz,020918.cha,other_adult,human,Human,baseline,14,,,,0,0,0,0,0,0
Liz,020515.cha,child,human,Human,baseline,6,0.0,,0.0,0,0,2,0,2,2
Liz,020515.cha,mother,human,Human,baseline,6,0.0,,0.0,0,0,3,0,3,3
Liz,020515.cha,other_adult,human,Human,baseline,6,,,,0,0,0,0,0,0
Liz,020501.cha,child,human,Human,baseline,6,0.0,0.0,0.0,0,0,3,2,5,5
Liz,020501.cha,mother,human,Human,baseline,6,0.5,,0.5,3,0,6,0,3,6
Liz,020501.cha,other_adult,human,Human,baseline,6,,,,0,0,0,0,0,0
Liz,021018.cha,child,human,Human,baseline,16,,,,0,0,0,0,0,0
Liz,021018.cha,mother,human,Human,baseline,16,,,,0,0,0,0,0,0
Liz,021018.cha,other_adult,human,Human,baseline,16,,,,0,0,0,0,0,0
Liz,020925.cha,child,human,Human,baseline,15,0.0,1.0,0.5,0,1,1,1,1,2
Liz,020925.cha,mother,human,Human,baseline,15,0.0,0.0,0.0,0,0,2,1,3,3
Liz,020925.cha,other_adult,human,Human,baseline,15,,,,0,0,0,0,0,0
Liz,020403.cha,child,human,Human,baseline,2,0.0,,0.0,0,0,1,0,1,1
Liz,020403.cha,mother,human,Human,baseline,2,0.5,,0.5,1,0,2,0,1,2
Liz,020403.cha,other_adult,human,Human,baseline,2,,,,0,0,0,0,0,0
Liz,020612.cha,child,human,Human,baseline,7,0.0,0.0,0.0,0,0,3,1,4,4
Liz,020612.cha,mother,human,Human,baseline,7,0.0,0.0,0.0,0,0,3,1,4,4
Liz,020612.cha,other_adult,human,Human,baseline,7,,,,0,0,0,0,0,0
Liz,020821.cha,child,human,Human,baseline,9,,0.0,0.0,0,0,0,1,1,1
Liz,020821.cha,mother,human,Human,baseline,9,,0.0,0.0,0,0,0,2,2,2
Liz,020821.cha,other_adult,human,Human,baseline,9,,,,0,0,0,0,0,0
Liz,020605.cha,child,human,Human,baseline,7,,1.0,1.0,0,1,0,1,0,1
Liz,020605.cha,mother,human,Human,baseline,7,0.5,1.0,0.6666666666666666,1,1,2,1,1,3
Liz,020605.cha,other_adult,human,Human,baseline,7,,,,0,0,0,0,0,0
Carl,020807.cha,child,human,Human,baseline,44,0.375,0.3333333333333333,0.36363636363636365,3,1,8,3,7,11
Carl,020807.cha,mother,human,Human,baseline,44,0.5,0.3333333333333333,0.4,2,2,4,6,6,10
Carl,020807.cha,other_adult,human,Human,baseline,44,,,,0,0,0,0,0,0
Carl,010913.cha,child,human,Human,baseline,13,0.16666666666666666,0.2777777777777778,0.25,1,5,6,18,18,24
Carl,010913.cha,mother,human,Human,baseline,13,0.36363636363636365,0.17647058823529413,0.25,4,3,11,17,21,28
Carl,010913.cha,other_adult,human,Human,baseline,13,,,,0,0,0,0,0,0
Carl,020026.cha,child,human,Human,baseline,26,0.42857142857142855,0.3333333333333333,0.38461538461538464,3,2,7,6,8,13
Carl,020026.cha,mother,human,Human,baseline,26,0.2857142857142857,0.2,0.25,2,1,7,5,9,12
Carl,020026.cha,other_adult,human,Human,baseline,26,,,,0,0,0,0,0,0
Carl,010928.cha,child,human,Human,baseline,15,0.0,0.25,0.1875,0,3,4,12,13,16
Carl,010928.cha,mother,human,Human,baseline,15,0.1111111111111111,0.0,0.05,1,0,9,11,19,20
Carl,010928.cha,other_adult,human,Human,baseline,15,,,,0,0,0,0,0,0
Carl,020801.cha,child,human,Human,baseline,43,0.14285714285714285,0.21428571428571427,0.19047619047619047,1,3,7,14,17,21
Carl,020801.cha,mother,human,Human,baseline,43,0.5555555555555556,0.25,0.38095238095238093,5,3,9,12,13,21
Carl,020801.cha,other_adult,human,Human,baseline,43,,,,0,0,0,0,0,0
Carl,020815.cha,child,human,Human,baseline,46,0.8333333333333334,0.09090909090909091,0.35294117647058826,5,1,6,11,11,17
Carl,020815.cha,mother,human,Human,baseline,46,0.375,0.25,0.3,3,3,8,12,14,20
Carl,020815.cha,other_adult,human,Human,baseline,46,,,,0,0,0,0,0,0
Carl,020222.cha,child,human,Human,baseline,29,0.5555555555555556,0.2857142857142857,0.4375,5,2,9,7,9,16
Carl,020222.cha,mother,human,Human,baseline,29,0.15384615384615385,0.2222222222222222,0.18181818181818182,2,2,13,9,18,22
Carl,020222.cha,other_adult,human,Human,baseline,29,,,,0,0,0,0,0,0
Carl,020619.cha,child,human,Human,baseline,39,1.0,0.14285714285714285,0.3333333333333333,2,1,2,7,6,9
Carl,020619.cha,mother,human,Human,baseline,39,0.5,0.2,0.25,1,2,2,10,9,12
Carl,020619.cha,other_adult,human,Human,baseline,39,,,,0,0,0,0,0,0
Carl,010902.cha,child,human,Human,baseline,9,0.2222222222222222,0.5454545454545454,0.4,2,6,9,11,12,20
Carl,010902.cha,mother,human,Human,baseline,9,0.2222222222222222,0.08333333333333333,0.14285714285714285,2,1,9,12,18,21
Carl,010902.cha,other_adult,human,Human,baseline,9,,,,0,0,0,0,0,0
Carl,020508.cha,child,human,Human,baseline,34,0.8333333333333334,0.375,0.5714285714285714,5,3,6,8,6,14
Carl,020508.cha,mother,human,Human,baseline,34,0.14285714285714285,0.16666666666666666,0.15789473684210525,1,2,7,12,16,19
Carl,020508.cha,other_adult,human,Human,baseline,34,,,,0,0,0,0,0,0
Carl,020520.cha,child,human,Human,baseline,37,0.16666666666666666,0.0,0.058823529411764705,1,0,6,11,16,17
Carl,020520.cha,mother,human,Human,baseline,37,0.4,0.2,0.3333333333333333,4,1,10,5,10,15
Carl,020520.cha,other_adult,human,Human,baseline,37,,,,0,0,0,0,0,0
Carl,020125.cha,child,human,Human,baseline,26,0.0,0.0,0.0,0,0,1,1,2,2
Carl,020125.cha,mother,human,Human,baseline,26,0.0,0.0,0.0,0,0,2,4,6,6
Carl,020125.cha,other_adult,human,Human,baseline,26,,,,0,0,0,0,0,0
Carl,020327.cha,child,human,Human,baseline,33,0.6666666666666666,0.6666666666666666,0.6666666666666666,2,4,3,6,3,9
Carl,020327.cha,mother,human,Human,baseline,33,0.0,0.4,0.3333333333333333,0,2,1,5,4,6
Carl,020327.cha,other_adult,human,Human,baseline,33,,,,0,0,0,0,0,0
Carl,020319.cha,child,human,Human,baseline,32,0.3333333333333333,0.3,0.3076923076923077,1,3,3,10,9,13
Carl,020319.cha,mother,human,Human,baseline,32,0.5,0.2,0.3125,3,2,6,10,11,16
Carl,020319.cha,other_adult,human,Human,baseline,32,,,,0,0,0,0,0,0
Carl,011112.cha,child,human,Human,baseline,20,0.5714285714285714,0.42857142857142855,0.5,4,3,7,7,7,14
Carl,011112.cha,mother,human,Human,baseline,20,0.2857142857142857,0.25,0.26666666666666666,2,2,7,8,11,15
Carl,011112.cha,other_adult,human,Human,baseline,20,,,,0,0,0,0,0,0
Carl,011103.cha,child,human,Human,baseline,19,0.6,0.16666666666666666,0.36363636363636365,3,1,5,6,7,11
Carl,011103.cha,mother,human,Human,baseline,19,0.3333333333333333,0.09090909090909091,0.14285714285714285,1,1,3,11,12,14
Carl,011103.cha,other_adult,human,Human,baseline,19,,,,0,0,0,0,0,0
Carl,020527.cha,child,human,Human,baseline,38,0.4,0.2,0.26666666666666666,2,2,5,10,11,15
Carl,020527.cha,mother,human,Human,baseline,38,0.2,0.25,0.23076923076923078,1,2,5,8,10,13
Carl,020527.cha,other_adult,human,Human,baseline,38,,,,0,0,0,0,0,0
Carl,011129.cha,child,human,Human,baseline,25,0.16666666666666666,0.4444444444444444,0.2857142857142857,2,4,12,9,15,21
Carl,011129.cha,mother,human,Human,baseline,25,0.25,0.1111111111111111,0.19047619047619047,3,1,12,9,17,21
Carl,011129.cha,other_adult,human,Human,baseline,25,,,,0,0,0,0,0,0
Carl,011115.cha,child,human,Human,baseline,23,0.3,0.3333333333333333,0.3157894736842105,3,3,10,9,13,19
Carl,011115.cha,mother,human,Human,baseline,23,0.2727272727272727,0.23076923076923078,0.25,3,3,11,13,18,24
Carl,011115.cha,other_adult,human,Human,baseline,23,,,,0,0,0,0,0,0
Carl,020703.cha,child,human,Human,baseline,41,0.4666666666666667,0.1,0.32,7,1,15,10,17,25
Carl,020703.cha,mother,human,Human,baseline,41,0.2,0.3888888888888889,0.34782608695652173,1,7,5,18,15,23
Carl,020703.cha,other_adult,human,Human,baseline,41,,,,0,0,0,0,0,0
Carl,020304.cha,child,human,Human,baseline,31,0.4444444444444444,0.0,0.2222222222222222,4,0,9,9,14,18
Carl,020304.cha,mother,human,Human,baseline,31,0.2,0.14285714285714285,0.15789473684210525,1,2,5,14,16,19
Carl,020304.cha,other_adult,human,Human,baseline,31,,,,0,0,0,0,0,0
Carl,020711.cha,child,human,Human,baseline,43,0.5,0.6666666666666666,0.5555555555555556,3,2,6,3,4,9
Carl,020711.cha,mother,human,Human,baseline,43,0.2,1.0,0.42857142857142855,1,2,5,2,4,7
Carl,020711.cha,other_adult,human,Human,baseline,43,,,,0,0,0,0,0,0
Carl,010822.cha,child,human,Human,baseline,4,0.0,0.4,0.18181818181818182,0,2,6,5,9,11
Carl,010822.cha,mother,human,Human,baseline,4,0.375,0.2,0.3076923076923077,3,1,8,5,9,13
Carl,010822.cha,other_adult,human,Human,baseline,4,,,,0,0,0,0,0,0
Carl,020513.cha,child,human,Human,baseline,35,0.75,0.5,0.7,6,1,8,2,3,10
Carl,020513.cha,mother,human,Human,baseline,35,0.16666666666666666,0.5,0.375,1,5,6,10,10,16
Carl,020513.cha,other_adult,human,Human,baseline,35,,,,0,0,0,0,0,0
Carl,020103.cha,child,human,Human,baseline,26,0.0,0.0,0.0,0,0,1,1,2,2
Carl,020103.cha,mother,human,Human,baseline,26,,0.0,0.0,0,0,0,2,2,2
Carl,020103.cha,other_adult,human,Human,baseline,26,,,,0,0,0,0,0,0
Carl,020116.cha,child,human,Human,baseline,26,,0.5,0.5,0,1,0,2,1,2
Carl,020116.cha,mother,human,Human,baseline,26,0.6,0.0,0.5,3,0,5,1,3,6
Carl,020116.cha,other_adult,human,Human,baseline,26,,,,0,0,0,0,0,0
Carl,011122.cha,child,human,Human,baseline,24,0.625,0.0,0.5555555555555556,5,0,8,1,4,9
Carl,011122.cha,mother,human,Human,baseline,24,0.0,0.6666666666666666,0.2857142857142857,0,2,4,3,5,7
Carl,011122.cha,other_adult,human,Human,baseline,24,,,,0,0,0,0,0,0
Carl,020006.cha,child,human,Human,baseline,26,0.5,0.14285714285714285,0.2222222222222222,1,1,2,7,7,9
Carl,020006.cha,mother,human,Human,baseline,26,0.0,0.16666666666666666,0.125,0,1,2,6,7,8
Carl,020006.cha,other_adult,human,Human,baseline,26,,,,0,0,0,0,0,0
Carl,011019.cha,child,human,Human,baseline,17,0.5714285714285714,0.0,0.25,4,0,7,9,12,16
Carl,011019.cha,mother,human,Human,baseline,17,0.5,0.38461538461538464,0.4117647058823529,2,5,4,13,10,17
Carl,011019.cha,other_adult,human,Human,baseline,17,,,,0,0,0,0,0,0
Carl,020410.cha,child,human,Human,baseline,34,0.3333333333333333,0.5,0.4444444444444444,1,3,3,6,5,9
Carl,020410.cha,mother,human,Human,baseline,34,0.5,0.16666666666666666,0.3333333333333333,3,1,6,6,8,12
Carl,020410.cha,other_adult,human,Human,baseline,34,,,,0,0,0,0,0,0
Carl,020215.cha,child,human,Human,baseline,26,0.5,1.0,0.6666666666666666,2,2,4,2,2,6
Carl,020215.cha,mother,human,Human,baseline,26,0.5,0.0,0.42857142857142855,3,0,6,1,4,7
Carl,020215.cha,other_adult,human,Human,baseline,26,,,,0,0,0,0,0,0
Carl,010922.cha,child,human,Human,baseline,13,,0.0,0.0,0,0,0,4,4,4
Carl,010922.cha,mother,human,Human,baseline,13,,0.16666666666666666,0.16666666666666666,0,1,0,6,5,6
Carl,010922.cha,other_adult,human,Human,baseline,13,,,,0,0,0,0,0,0
Carl,020228.cha,child,human,Human,baseline,29,0.2,0.125,0.15384615384615385,1,1,5,8,11,13
Carl,020228.cha,mother,human,Human,baseline,29,0.3333333333333333,0.125,0.21428571428571427,2,1,6,8,11,14
Carl,020228.cha,other_adult,human,Human,baseline,29,,,,0,0,0,0,0,0
Joel,020422.cha,child,human,Human,baseline,3,0.3333333333333333,1.0,0.5,1,1,3,1,2,4
Joel,020422.cha,mother,human,Human,baseline,3,0.0,0.5,0.2,0,1,3,2,4,5
Joel,020422.cha,other_adult,human,Human,baseline,3,,,,0,0,0,0,0,0
Joel,020800.cha,child,human,Human,baseline,9,,0.0,0.0,0,0,0,1,1,1
Joel,020800.cha,mother,human,Human,baseline,9,,,,0,0,0,0,0,0
Joel,020800.cha,other_adult,human,Human,baseline,9,,,,0,0,0,0,0,0
Joel,020626.cha,child,human,Human,baseline,9,0.0,,0.0,0,0,1,0,1,1
Joel,020626.cha,mother,human,Human,baseline,9,,,,0,0,0,0,0,0
Joel,020626.cha,other_adult,human,Human,baseline,9,,,,0,0,0,0,0,0
Joel,020619.cha,child,human,Human,baseline,9,0.5,0.0,0.25,1,0,2,2,3,4
Joel,020619.cha,mother,human,Human,baseline,9,,0.0,0.0,0,0,0,2,2,2
Joel,020619.cha,other_adult,human,Human,baseline,9,,,,0,0,0,0,0,0
Joel,020221.cha,child,human,Human,baseline,1,,,,0,0,0,0,0,0
Joel,020221.cha,mother,human,Human,baseline,1,0.0,,0.0,0,0,1,0,1,1
Joel,020221.cha,other_adult,human,Human,baseline,1,,,,0,0,0,0,0,0
Joel,021004.cha,child,human,Human,baseline,11,,0.0,0.0,0,0,0,1,1,1
Joel,021004.cha,mother,human,Human,baseline,11,0.0,,0.0,0,0,1,0,1,1
Joel,021004.cha,other_adult,human,Human,baseline,11,,,,0,0,0,0,0,0
Joel,021011.cha,child,human,Human,baseline,11,,,,0,0,0,0,0,0
Joel,021011.cha,mother,human,Human,baseline,11,0.0,,0.0,0,0,1,0,1,1
Joel,021011.cha,other_adult,human,Human,baseline,11,,,,0,0,0,0,0,0
Joel,020709.cha,child,human,Human,baseline,9,,0.0,0.0,0,0,0,1,1,1
Joel,020709.cha,mother,human,Human,baseline,9,,1.0,1.0,0,1,0,1,0,1
Joel,020709.cha,other_adult,human,Human,baseline,9,,,,0,0,0,0,0,0
Joel,020325.cha,child,human,Human,baseline,1,,,,0,0,0,0,0,0
Joel,020325.cha,mother,human,Human,baseline,1,,,,0,0,0,0,0,0
Joel,020325.cha,other_adult,human,Human,baseline,1,,,,0,0,0,0,0,0
Joel,020913.cha,child,human,Human,baseline,10,0.0,0.0,0.0,0,0,1,1,2,2
Joel,020913.cha,mother,human,Human,baseline,10,,0.0,0.0,0,0,0,3,3,3
Joel,020913.cha,other_adult,human,Human,baseline,10,,,,0,0,0,0,0,0
Joel,020526.cha,child,human,Human,baseline,6,0.0,0.16666666666666666,0.14285714285714285,0,1,1,6,6,7
Joel,020526.cha,mother,human,Human,baseline,6,1.0,0.0,0.375,3,0,3,5,5,8
Joel,020526.cha,other_adult,human,Human,baseline,6,,,,0,0,0,0,0,0
Joel,020123.cha,child,human,Human,baseline,1,,0.5,0.5,0,1,0,2,1,2
Joel,020123.cha,mother,human,Human,baseline,1,0.5,,0.5,1,0,2,0,1,2
Joel,020123.cha,other_adult,human,Human,baseline,1,,,,0,0,0,0,0,0
Joel,020900.cha,child,human,Human,baseline,10,,,,0,0,0,0,0,0
Joel,020900.cha,mother,human,Human,baseline,10,,,,0,0,0,0,0,0
Joel,020900.cha,other_adult,human,Human,baseline,10,,,,0,0,0,0,0,0
Joel,011129.cha,child,human,Human,baseline,1,0.0,,0.0,0,0,1,0,1,1
Joel,011129.cha,mother,human,Human,baseline,1,,,,0,0,0,0,0,0
Joel,011129.cha,other_adult,human,Human,baseline,1,,,,0,0,0,0,0,0
Joel,020110.cha,child,human,Human,baseline,1,,,,0,0,0,0,0,0
Joel,020110.cha,mother,human,Human,baseline,1,,0.0,0.0,0,0,0,1,1,1
Joel,020110.cha,other_adult,human,Human,baseline,1,,,,0,0,0,0,0,0
Joel,020716.cha,child,human,Human,baseline,9,1.0,0.0,0.5,1,0,1,1,1,2
Joel,020716.cha,mother,human,Human,baseline,9,1.0,0.5,0.6666666666666666,1,1,1,2,1,3
Joel,020716.cha,other_adult,human,Human,baseline,9,,,,0,0,0,0,0,0
Joel,020304.cha,child,human,Human,baseline,1,,,,0,0,0,0,0,0
Joel,020304.cha,mother,human,Human,baseline,1,,,,0,0,0,0,0,0
Joel,020304.cha,other_adult,human,Human,baseline,1,,,,0,0,0,0,0,0
Joel,020513.cha,child,human,Human,baseline,5,0.5,0.25,0.3333333333333333,1,1,2,4,4,6
Joel,020513.cha,mother,human,Human,baseline,5,0.0,0.0,0.0,0,0,1,3,4,4
Joel,020513.cha,other_adult,human,Human,baseline,5,,,,0,0,0,0,0,0
Joel,011122.cha,child,human,Human,baseline,1,1.0,,1.0,1,0,1,0,0,1
Joel,011122.cha,mother,human,Human,baseline,1,0.0,0.0,0.0,0,0,1,1,2,2
Joel,011122.cha,other_adult,human,Human,baseline,1,,,,0,0,0,0,0,0
Joel,020506.cha,child,human,Human,baseline,3,,,,0,0,0,0,0,0
Joel,020506.cha,mother,human,Human,baseline,3,,1.0,1.0,0,1,0,1,0,1
Joel,020506.cha,other_adult,human,Human,baseline,3,,,,0,0,0,0,0,0
Joel,020920.cha,child,human,Human,baseline,10,0.0,0.0,0.0,0,0,2,3,5,5
Joel,020920.cha,mother,human,Human,baseline,10,0.3333333333333333,0.0,0.16666666666666666,1,0,3,3,5,6
Joel,020920.cha,other_adult,human,Human,baseline,10,,,,0,0,0,0,0,0
Joel,020012.cha,child,human,Human,baseline,1,,,,0,0,0,0,0,0
Joel,020012.cha,mother,human,Human,baseline,1,,,,0,0,0,0,0,0
Joel,020012.cha,other_adult,human,Human,baseline,1,,,,0,0,0,0,0,0
Joel,020402.cha,child,human,Human,baseline,1,,,,0,0,0,0,0,0
Joel,020402.cha,mother,human,Human,baseline,1,,,,0,0,0,0,0,0
Joel,020402.cha,other_adult,human,Human,baseline,1,,,,0,0,0,0,0,0
Joel,020207.cha,child,human,Human,baseline,1,1.0,0.0,0.5,1,0,1,1,1,2
Joel,020207.cha,mother,human,Human,baseline,1,,0.0,0.0,0,0,0,2,2,2
Joel,020207.cha,other_adult,human,Human,baseline,1,,,,0,0,0,0,0,0
Joel,020429.cha,child,human,Human,baseline,3,1.0,0.0,0.5,1,0,1,1,1,2
Joel,020429.cha,mother,human,Human,baseline,3,,0.0,0.0,0,0,0,1,1,1
Joel,020429.cha,other_adult,human,Human,baseline,3,,,,0,0,0,0,0,0
Joel,020612.cha,child,human,Human,baseline,7,,0.0,0.0,0,0,0,1,1,1
Joel,020612.cha,mother,human,Human,baseline,7,,0.0,0.0,0,0,0,1,1,1
Joel,020612.cha,other_adult,human,Human,baseline,7,,,,0,0,0,0,0,0
Joel,020809.cha,child,human,Human,baseline,9,1.0,,1.0,1,0,1,0,0,1
Joel,020809.cha,mother,human,Human,baseline,9,0.0,1.0,0.5,0,1,1,1,1,2
Joel,020809.cha,other_adult,human,Human,baseline,9,,,,0,0,0,0,0,0
Joel,020605.cha,child,human,Human,baseline,7,,0.3333333333333333,0.3333333333333333,0,1,0,3,2,3
Joel,020605.cha,mother,human,Human,baseline,7,,0.0,0.0,0,0,0,1,1,1
Joel,020605.cha,other_adult,human,Human,baseline,7,,,,0,0,0,0,0,0
Joel,020823.cha,child,human,Human,baseline,10,0.0,0.5,0.4,0,2,1,4,3,5
Joel,020823.cha,mother,human,Human,baseline,10,0.6666666666666666,0.0,0.3333333333333333,2,0,3,3,4,6
Joel,020823.cha,other_adult,human,Human,baseline,10,,,,0,0,0,0,0,0
Ruth,020807.cha,child,human,Human,baseline,8,0.6,0.5,0.5714285714285714,3,1,5,2,3,7
Ruth,020807.cha,mother,human,Human,baseline,8,0.6,0.5,0.5714285714285714,3,1,5,2,3,7
Ruth,020807.cha,other_adult,human,Human,baseline,8,,,,0,0,0,0,0,0
Ruth,020408.cha,child,human,Human,baseline,1,,,,0,0,0,0,0,0
Ruth,020408.cha,mother,human,Human,baseline,1,0.0,,0.0,0,0,1,0,1,1
Ruth,020408.cha,other_adult,human,Human,baseline,1,,,,0,0,0,0,0,0
Ruth,021114.cha,child,human,Human,baseline,17,0.16666666666666666,0.2857142857142857,0.23076923076923078,1,2,6,7,10,13
Ruth,021114.cha,mother,human,Human,baseline,17,0.2857142857142857,0.0,0.18181818181818182,2,0,7,4,9,11
Ruth,021114.cha,other_adult,human,Human,baseline,17,,,,0,0,0,0,0,0
Ruth,020619.cha,child,human,Human,baseline,4,0.0,1.0,0.3333333333333333,0,1,2,1,2,3
Ruth,020619.cha,mother,human,Human,baseline,4,0.0,1.0,0.3333333333333333,0,1,2,1,2,3
Ruth,020619.cha,other_adult,human,Human,baseline,4,,,,0,0,0,0,0,0
Ruth,020520.cha,child,human,Human,baseline,2,1.0,0.5,0.6666666666666666,1,1,1,2,1,3
Ruth,020520.cha,mother,human,Human,baseline,2,1.0,0.5,0.6666666666666666,1,1,1,2,1,3
Ruth,020520.cha,other_adult,human,Human,baseline,2,,,,0,0,0,0,0,0
Ruth,020124.cha,child,human,Human,baseline,1,1.0,,1.0,1,0,1,0,0,1
Ruth,020124.cha,mother,human,Human,baseline,1,0.0,,0.0,0,0,1,0,1,1
Ruth,020124.cha,other_adult,human,Human,baseline,1,,,,0,0,0,0,0,0
Ruth,020325.cha,child,human,Human,baseline,1,,1.0,1.0,0,1,0,1,0,1
Ruth,020325.cha,mother,human,Human,baseline,1,,,,0,0,0,0,0,0
Ruth,020325.cha,other_adult,human,Human,baseline,1,,,,0,0,0,0,0,0
Ruth,020724.cha,child,human,Human,baseline,6,0.0,,0.0,0,0,3,0,3,3
Ruth,020724.cha,mother,human,Human,baseline,6,0.0,0.0,0.0,0,0,2,1,3,3
Ruth,020724.cha,other_adult,human,Human,baseline,6,,,,0,0,0,0,0,0
Ruth,020527.cha,child,human,Human,baseline,2,,,,0,0,0,0,0,0
Ruth,020527.cha,mother,human,Human,baseline,2,,,,0,0,0,0,0,0
Ruth,020527.cha,other_adult,human,Human,baseline,2,,,,0,0,0,0,0,0
Ruth,020902.cha,child,human,Human,baseline,11,0.5,0.2857142857142857,0.3333333333333333,1,2,2,7,6,9
Ruth,020902.cha,mother,human,Human,baseline,11,0.5,0.5,0.5,1,4,2,8,5,10
Ruth,020902.cha,other_adult,human,Human,baseline,11,,,,0,0,0,0,0,0
Ruth,020717.cha,child,human,Human,baseline,6,0.0,0.5,0.4,0,2,1,4,3,5
Ruth,020717.cha,mother,human,Human,baseline,6,0.75,0.0,0.6,3,0,4,1,2,5
Ruth,020717.cha,other_adult,human,Human,baseline,6,,,,0,0,0,0,0,0
Ruth,020110.cha,child,human,Human,baseline,1,,0.0,0.0,0,0,0,1,1,1
Ruth,020110.cha,mother,human,Human,baseline,1,1.0,,1.0,1,0,1,0,0,1
Ruth,020110.cha,other_adult,human,Human,baseline,1,,,,0,0,0,0,0,0
Ruth,020306.cha,child,human,Human,baseline,1,,0.0,0.0,0,0,0,1,1,1
Ruth,020306.cha,mother,human,Human,baseline,1,,0.0,0.0,0,0,0,1,1,1
Ruth,020306.cha,other_adult,human,Human,baseline,1,,,,0,0,0,0,0,0
Ruth,020304.cha,child,human,Human,baseline,1,1.0,,1.0,2,0,2,0,0,2
Ruth,020304.cha,mother,human,Human,baseline,1,0.0,0.0,0.0,0,0,1,1,2,2
Ruth,020304.cha,other_adult,human,Human,baseline,1,,,,0,0,0,0,0,0
Ruth,021023.cha,child,human,Human,baseline,15,0.25,0.125,0.16666666666666666,1,1,4,8,10,12
Ruth,021023.cha,mother,human,Human,baseline,15,0.25,0.1111111111111111,0.17647058823529413,2,1,8,9,14,17
Ruth,021023.cha,other_adult,human,Human,baseline,15,,,,0,0,0,0,0,0
Ruth,020117.cha,child,human,Human,baseline,1,,,,0,0,0,0,0,0
Ruth,020117.cha,mother,human,Human,baseline,1,,,,0,0,0,0,0,0
Ruth,020117.cha,other_adult,human,Human,baseline,1,,,,0,0,0,0,0,0
Ruth,020103.cha,child,human,Human,baseline,1,,,,0,0,0,0,0,0
Ruth,020103.cha,mother,human,Human,baseline,1,,,,0,0,0,0,0,0
Ruth,020103.cha,other_adult,human,Human,baseline,1,,,,0,0,0,0,0,0
Ruth,020506.cha,child,human,Human,baseline,1,0.0,,0.0,0,0,1,0,1,1
Ruth,020506.cha,mother,human,Human,baseline,1,1.0,,1.0,1,0,1,0,0,1
Ruth,020506.cha,other_adult,human,Human,baseline,1,,,,0,0,0,0,0,0
Ruth,020923.cha,child,human,Human,baseline,13,0.0,0.5,0.14285714285714285,0,1,5,2,6,7
Ruth,020923.cha,mother,human,Human,baseline,13,0.75,0.0,0.5,3,0,4,2,3,6
Ruth,020923.cha,other_adult,human,Human,baseline,13,,,,0,0,0,0,0,0
Ruth,020710.cha,child,human,Human,baseline,4,,,,0,0,0,0,0,0
Ruth,020710.cha,mother,human,Human,baseline,4,,,,0,0,0,0,0,0
Ruth,020710.cha,other_adult,human,Human,baseline,4,,,,0,0,0,0,0,0
Ruth,020909.cha,child,human,Human,baseline,11,0.0,0.0,0.0,0,0,1,2,3,3
Ruth,020909.cha,mother,human,Human,baseline,11,0.0,0.5,0.3333333333333333,0,1,1,2,2,3
Ruth,020909.cha,other_adult,human,Human,baseline,11,,,,0,0,0,0,0,0
Ruth,011120.cha,child,human,Human,baseline,1,,0.5,0.5,0,1,0,2,1,2
Ruth,011120.cha,mother,human,Human,baseline,1,0.0,,0.0,0,0,2,0,2,2
Ruth,011120.cha,other_adult,human,Human,baseline,1,,,,0,0,0,0,0,0
Ruth,021009.cha,child,human,Human,baseline,14,0.3333333333333333,0.6666666666666666,0.5,1,2,3,3,3,6
Ruth,021009.cha,mother,human,Human,baseline,14,0.0,0.5,0.25,0,2,4,4,6,8
Ruth,021009.cha,other_adult,human,Human,baseline,14,,,,0,0,0,0,0,0
Ruth,020005.cha,child,human,Human,baseline,1,0.0,,0.0,0,0,1,0,1,1
Ruth,020005.cha,mother,human,Human,baseline,1,0.0,,0.0,0,0,1,0,1,1
Ruth,020005.cha,other_adult,human,Human,baseline,1,,,,0,0,0,0,0,0
Ruth,020207.cha,child,human,Human,baseline,1,1.0,1.0,1.0,1,1,1,1,0,2
Ruth,020207.cha,mother,human,Human,baseline,1,0.0,,0.0,0,0,1,0,1,1
Ruth,020207.cha,other_adult,human,Human,baseline,1,,,,0,0,0,0,0,0
Ruth,020429.cha,child,human,Human,baseline,1,,,,0,0,0,0,0,0
Ruth,020429.cha,mother,human,Human,baseline,1,,,,0,0,0,0,0,0
Ruth,020429.cha,other_adult,human,Human,baseline,1,,,,0,0,0,0,0,0
Ruth,020415.cha,child,human,Human,baseline,1,,0.0,0.0,0,0,0,1,1,1
Ruth,020415.cha,mother,human,Human,baseline,1,,,,0,0,0,0,0,0
Ruth,020415.cha,other_adult,human,Human,baseline,1,,,,0,0,0,0,0,0
Ruth,020401.cha,child,human,Human,baseline,1,1.0,1.0,1.0,1,1,1,1,0,2
Ruth,020401.cha,mother,human,Human,baseline,1,0.0,1.0,0.5,0,1,1,1,1,2
Ruth,020401.cha,other_adult,human,Human,baseline,1,,,,0,0,0,0,0,0
Ruth,020612.cha,child,human,Human,baseline,2,0.5,1.0,0.6666666666666666,1,1,2,1,1,3
Ruth,020612.cha,mother,human,Human,baseline,2,0.0,1.0,0.3333333333333333,0,1,2,1,2,3
Ruth,020612.cha,other_adult,human,Human,baseline,2,,,,0,0,0,0,0,0
Ruth,020821.cha,child,human,Human,baseline,10,0.6666666666666666,0.3333333333333333,0.5,2,1,3,3,3,6
Ruth,020821.cha,mother,human,Human,baseline,10,0.3333333333333333,0.0,0.16666666666666666,1,0,3,3,5,6
Ruth,020821.cha,other_adult,human,Human,baseline,10,,,,0,0,0,0,0,0
Ruth,021121.cha,child,human,Human,baseline,17,0.0,0.5,0.3333333333333333,0,1,1,2,2,3
Ruth,021121.cha,mother,human,Human,baseline,17,0.3333333333333333,0.0,0.25,1,0,3,1,3,4
Ruth,021121.cha,other_adult,human,Human,baseline,17,,,,0,0,0,0,0,0
Ruth,020214.cha,child,human,Human,baseline,1,,,,0,0,0,0,0,0
Ruth,020214.cha,mother,human,Human,baseline,1,,,,0,0,0,0,0,0
Ruth,020214.cha,other_adult,human,Human,baseline,1,,,,0,0,0,0,0,0
Aran,020225.cha,child,human,Human,baseline,17,0.25,0.3333333333333333,0.3125,1,4,4,12,11,16
Aran,020225.cha,mother,human,Human,baseline,17,0.3333333333333333,0.1,0.21052631578947367,3,1,9,10,15,19
Aran,020225.cha,other_adult,human,Human,baseline,17,,,,0,0,0,0,0,0
Aran,020812.cha,child,human,Human,baseline,33,0.3333333333333333,0.25,0.2857142857142857,1,1,3,4,5,7
Aran,020812.cha,mother,human,Human,baseline,33,0.3333333333333333,0.5,0.42857142857142855,1,2,3,4,4,7
Aran,020812.cha,other_adult,human,Human,baseline,33,,,,0,0,0,0,0,0
Aran,020218.cha,child,human,Human,baseline,15,0.6,0.3333333333333333,0.4117647058823529,3,4,5,12,10,17
Aran,020218.cha,mother,human,Human,baseline,15,0.42857142857142855,0.09090909090909091,0.2222222222222222,3,1,7,11,14,18
Aran,020218.cha,other_adult,human,Human,baseline,15,,,,0,0,0,0,0,0
Aran,020420.cha,child,human,Human,baseline,23,0.4444444444444444,0.6666666666666666,0.5333333333333333,4,4,9,6,7,15
Aran,020420.cha,mother,human,Human,baseline,23,0.2,0.25,0.2222222222222222,2,2,10,8,14,18
Aran,020420.cha,other_adult,human,Human,baseline,23,,,,0,0,0,0,0,0
Aran,020009.cha,child,human,Human,baseline,7,0.2222222222222222,0.5,0.38095238095238093,2,6,9,12,13,21
Aran,020009.cha,mother,human,Human,baseline,7,0.3076923076923077,0.0,0.2,4,0,13,7,16,20
Aran,020009.cha,other_adult,human,Human,baseline,7,,,,0,0,0,0,0,0
Aran,020427.cha,child,human,Human,baseline,23,0.0,0.25,0.2222222222222222,0,2,1,8,7,9
Aran,020427.cha,mother,human,Human,baseline,23,0.0,0.0,0.0,0,0,5,4,9,9
Aran,020427.cha,other_adult,human,Human,baseline,23,,,,0,0,0,0,0,0
Aran,020721.cha,child,human,Human,baseline,32,0.25,0.75,0.5,1,3,4,4,4,8
Aran,020721.cha,mother,human,Human,baseline,32,0.0,0.25,0.125,0,1,4,4,7,8
Aran,020721.cha,other_adult,human,Human,baseline,32,,,,0,0,0,0,0,0
Aran,021007.cha,child,human,Human,baseline,38,0.0,0.0,0.0,0,0,1,5,6,6
Aran,021007.cha,mother,human,Human,baseline,38,0.0,0.0,0.0,0,0,1,6,7,7
Aran,021007.cha,other_adult,human,Human,baseline,38,,,,0,0,0,0,0,0
Aran,020902.cha,child,human,Human,baseline,37,0.7777777777777778,0.08333333333333333,0.38095238095238093,7,1,9,12,13,21
Aran,020902.cha,mother,human,Human,baseline,37,0.0,0.14285714285714285,0.09523809523809523,0,2,7,14,19,21
Aran,020902.cha,other_adult,human,Human,baseline,37,,,,0,0,0,0,0,0
Aran,020121.cha,child,human,Human,baseline,11,0.5,0.5,0.5,1,2,2,4,3,6
Aran,020121.cha,mother,human,Human,baseline,11,0.4,0.0,0.25,2,0,5,3,6,8
Aran,020121.cha,other_adult,human,Human,baseline,11,,,,0,0,0,0,0,0
Aran,021000.cha,child,human,Human,baseline,38,0.0,0.3333333333333333,0.2,0,1,2,3,4,5
Aran,021000.cha,mother,human,Human,baseline,38,0.0,0.3333333333333333,0.14285714285714285,0,1,4,3,6,7
Aran,021000.cha,other_adult,human,Human,baseline,38,,,,0,0,0,0,0,0
Aran,021028.cha,child,human,Human,baseline,40,0.6666666666666666,0.5,0.5714285714285714,2,2,3,4,3,7
Aran,021028.cha,mother,human,Human,baseline,40,0.0,0.14285714285714285,0.1,0,1,3,7,9,10
Aran,021028.cha,other_adult,human,Human,baseline,40,,,,0,0,0,0,0,0
Aran,020524.cha,child,human,Human,baseline,24,0.5,0.5,0.5,1,2,2,4,3,6
Aran,020524.cha,mother,human,Human,baseline,24,0.5,0.5,0.5,1,3,2,6,4,8
Aran,020524.cha,other_adult,human,Human,baseline,24,,,,0,0,0,0,0,0
Aran,020925.cha,child,human,Human,baseline,38,0.5,0.14285714285714285,0.2727272727272727,2,1,4,7,8,11
Aran,020925.cha,mother,human,Human,baseline,38,0.3333333333333333,0.375,0.36363636363636365,1,3,3,8,7,11
Aran,020925.cha,other_adult,human,Human,baseline,38,,,,0,0,0,0,0,0
Aran,020728.cha,child,human,Human,baseline,32,0.0,0.5,0.4,0,2,1,4,3,5
Aran,020728.cha,mother,human,Human,baseline,32,1.0,0.3333333333333333,0.6,2,1,2,3,2,5
Aran,020728.cha,other_adult,human,Human,baseline,32,,,,0,0,0,0,0,0
Aran,020714.cha,child,human,Human,baseline,31,0.3333333333333333,0.5,0.46153846153846156,1,5,3,10,7,13
Aran,020714.cha,mother,human,Human,baseline,31,0.4,0.0,0.2857142857142857,4,0,10,4,10,14
Aran,020714.cha,other_adult,human,Human,baseline,31,,,,0,0,0,0,0,0
Aran,011126.cha,child,human,Human,baseline,2,,0.5,0.5,0,2,0,4,2,4
Aran,011126.cha,mother,human,Human,baseline,2,0.0,0.5,0.3333333333333333,0,1,1,2,2,3
Aran,011126.cha,other_adult,human,Human,baseline,2,,,,0,0,0,0,0,0
Aran,020107.cha,child,human,Human,baseline,11,0.6,0.5,0.5238095238095238,3,8,5,16,10,21
Aran,020107.cha,mother,human,Human,baseline,11,0.375,0.16666666666666666,0.25,3,2,8,12,15,20
Aran,020107.cha,other_adult,human,Human,baseline,11,,,,0,0,0,0,0,0
Aran,020517.cha,child,human,Human,baseline,23,1.0,0.3333333333333333,0.42857142857142855,1,2,1,6,4,7
Aran,020517.cha,mother,human,Human,baseline,23,0.0,0.0,0.0,0,0,3,9,12,12
Aran,020517.cha,other_adult,human,Human,baseline,23,,,,0,0,0,0,0,0
Aran,020503.cha,child,human,Human,baseline,23,1.0,0.5,0.75,2,1,2,2,1,4
Aran,020503.cha,mother,human,Human,baseline,23,1.0,0.0,0.2,1,0,1,4,4,5
Aran,020503.cha,other_adult,human,Human,baseline,23,,,,0,0,0,0,0,0
Aran,020315.cha,child,human,Human,baseline,19,0.5,0.5,0.5,1,3,2,6,4,8
Aran,020315.cha,mother,human,Human,baseline,19,0.2857142857142857,0.0,0.18181818181818182,2,0,7,4,9,11
Aran,020315.cha,other_adult,human,Human,baseline,19,,,,0,0,0,0,0,0
Aran,020302.cha,child,human,Human,baseline,18,0.0,0.6666666666666666,0.4,0,2,2,3,3,5
Aran,020302.cha,mother,human,Human,baseline,18,0.1111111111111111,0.0,0.09090909090909091,1,0,9,2,10,11
Aran,020302.cha,other_adult,human,Human,baseline,18,,,,0,0,0,0,0,0
Aran,020100.cha,child,human,Human,baseline,8,0.5,1.0,0.75,1,2,2,2,1,4
Aran,020100.cha,mother,human,Human,baseline,8,0.0,0.0,0.0,0,0,3,1,4,4
Aran,020100.cha,other_adult,human,Human,baseline,8,,,,0,0,0,0,0,0
Aran,020128.cha,child,human,Human,baseline,11,,0.2,0.2,0,2,0,10,8,10
Aran,020128.cha,mother,human,Human,baseline,11,0.0,0.0,0.0,0,0,2,8,10,10
Aran,020128.cha,other_adult,human,Human,baseline,11,,,,0,0,0,0,0,0
Aran,021021.cha,child,human,Human,baseline,39,0.25,0.0,0.2,1,0,4,1,4,5
Aran,021021.cha,mother,human,Human,baseline,39,0.2,0.0,0.14285714285714285,1,0,5,2,6,7
Aran,021021.cha,other_adult,human,Human,baseline,39,,,,0,0,0,0,0,0
Aran,020707.cha,child,human,Human,baseline,30,0.0,0.1111111111111111,0.0625,0,1,7,9,15,16
Aran,020707.cha,mother,human,Human,baseline,30,0.25,0.08333333333333333,0.15,2,1,8,12,17,20
Aran,020707.cha,other_adult,human,Human,baseline,30,,,,0,0,0,0,0,0
Aran,020211.cha,child,human,Human,baseline,14,0.0,0.26666666666666666,0.2222222222222222,0,4,3,15,14,18
Aran,020211.cha,mother,human,Human,baseline,14,0.3,0.09090909090909091,0.19047619047619047,3,1,10,11,17,21
Aran,020211.cha,other_adult,human,Human,baseline,14,,,,0,0,0,0,0,0
Aran,020617.cha,child,human,Human,baseline,27,0.2,0.3333333333333333,0.2727272727272727,1,2,5,6,8,11
Aran,020617.cha,mother,human,Human,baseline,27,0.0,0.16666666666666666,0.08333333333333333,0,1,6,6,11,12
Aran,020617.cha,other_adult,human,Human,baseline,27,,,,0,0,0,0,0,0
Aran,020819.cha,child,human,Human,baseline,34,0.16666666666666666,0.3333333333333333,0.25,1,2,6,6,9,12
Aran,020819.cha,mother,human,Human,baseline,34,0.5,0.0,0.3333333333333333,5,0,10,5,10,15
Aran,020819.cha,other_adult,human,Human,baseline,34,,,,0,0,0,0,0,0
Aran,020413.cha,child,human,Human,baseline,20,0.3333333333333333,0.4,0.375,1,2,3,5,5,8
Aran,020413.cha,mother,human,Human,baseline,20,0.2,0.16666666666666666,0.18181818181818182,1,1,5,6,9,11
Aran,020413.cha,other_adult,human,Human,baseline,20,,,,0,0,0,0,0,0
Aran,020610.cha,child,human,Human,baseline,26,0.2,0.5714285714285714,0.4166666666666667,1,4,5,7,7,12
Aran,020610.cha,mother,human,Human,baseline,26,0.1111111111111111,0.0,0.07692307692307693,1,0,9,4,12,13
Aran,020610.cha,other_adult,human,Human,baseline,26,,,,0,0,0,0,0,0
Aran,020002.cha,child,human,Human,baseline,4,0.2222222222222222,0.5,0.3076923076923077,2,2,9,4,9,13
Aran,020002.cha,mother,human,Human,baseline,4,0.3333333333333333,0.6666666666666666,0.4166666666666667,3,2,9,3,7,12
Aran,020002.cha,other_adult,human,Human,baseline,4,,,,0,0,0,0,0,0
Anne,020910.cha,child,human,Human,baseline,24,0.0,0.0,0.0,0,0,1,2,3,3
Anne,020910.cha,mother,human,Human,baseline,24,0.5,0.5,0.5,1,1,2,2,2,4
Anne,020910.cha,other_adult,human,Human,baseline,24,,,,0,0,0,0,0,0
Anne,020320.cha,child,human,Human,baseline,7,0.0,0.5,0.3333333333333333,0,1,1,2,2,3
Anne,020320.cha,mother,human,Human,baseline,7,1.0,0.0,0.75,3,0,3,1,1,4
Anne,020320.cha,other_adult,human,Human,baseline,7,,,,0,0,0,0,0,0
Anne,020727.cha,child,human,Human,baseline,20,,0.5,0.5,0,2,0,4,2,4
Anne,020727.cha,mother,human,Human,baseline,20,1.0,0.0,0.2857142857142857,2,0,2,5,5,7
Anne,020727.cha,other_adult,human,Human,baseline,20,,,,0,0,0,0,0,0
Anne,020525.cha,child,human,Human,baseline,16,0.0,0.0,0.0,0,0,2,1,3,3
Anne,020525.cha,mother,human,Human,baseline,16,0.3333333333333333,0.0,0.25,1,0,3,1,3,4
Anne,020525.cha,other_adult,human,Human,baseline,16,,,,0,0,0,0,0,0
Anne,020120.cha,child,human,Human,baseline,2,,,,0,0,0,0,0,0
Anne,020120.cha,mother,human,Human,baseline,2,,0.0,0.0,0,0,0,1,1,1
Anne,020120.cha,other_adult,human,Human,baseline,2,,,,0,0,0,0,0,0
Anne,020728.cha,child,human,Human,baseline,20,,0.0,0.0,0,0,0,1,1,1
Anne,020728.cha,mother,human,Human,baseline,20,,0.0,0.0,0,0,0,2,2,2
Anne,020728.cha,other_adult,human,Human,baseline,20,,,,0,0,0,0,0,0
Anne,020502.cha,child,human,Human,baseline,12,0.0,0.0,0.0,0,0,2,3,5,5
Anne,020502.cha,mother,human,Human,baseline,12,0.75,1.0,0.8,3,1,4,1,1,5
Anne,020502.cha,other_adult,human,Human,baseline,12,,,,0,0,0,0,0,0
Anne,020715.cha,child,human,Human,baseline,19,0.2,0.5,0.2857142857142857,1,1,5,2,5,7
Anne,020715.cha,mother,human,Human,baseline,19,0.0,0.0,0.0,0,0,1,3,4,4
Anne,020715.cha,other_adult,human,Human,baseline,19,,,,0,0,0,0,0,0
Anne,020701.cha,child,human,Human,baseline,17,,,,0,0,0,0,0,0
Anne,020701.cha,mother,human,Human,baseline,17,,,,0,0,0,0,0,0
Anne,020701.cha,other_adult,human,Human,baseline,17,,,,0,0,0,0,0,0
Anne,020729.cha,child,human,Human,baseline,20,,,,0,0,0,0,0,0
Anne,020729.cha,mother,human,Human,baseline,20,,,,0,0,0,0,0,0
Anne,020729.cha,other_adult,human,Human,baseline,20,,,,0,0,0,0,0,0
Anne,020328.cha,child,human,Human,baseline,9,,0.0,0.0,0,0,0,2,2,2
Anne,020328.cha,mother,human,Human,baseline,9,0.5,0.0,0.3333333333333333,1,0,2,1,2,3
Anne,020328.cha,other_adult,human,Human,baseline,9,,,,0,0,0,0,0,0
Anne,020504.cha,child,human,Human,baseline,14,0.3333333333333333,0.0,0.2,1,0,3,2,4,5
Anne,020504.cha,mother,human,Human,baseline,14,0.3333333333333333,0.6666666666666666,0.5,1,2,3,3,3,6
Anne,020504.cha,other_adult,human,Human,baseline,14,,,,0,0,0,0,0,0
Anne,020908.cha,child,human,Human,baseline,23,0.0,0.3333333333333333,0.25,0,1,1,3,3,4
Anne,020908.cha,mother,human,Human,baseline,23,0.0,0.0,0.0,0,0,2,3,5,5
Anne,020908.cha,other_adult,human,Human,baseline,23,,,,0,0,0,0,0,0
Anne,020713.cha,child,human,Human,baseline,17,,1.0,1.0,0,1,0,1,0,1
Anne,020713.cha,mother,human,Human,baseline,17,0.5,,0.5,1,0,2,0,1,2
Anne,020713.cha,other_adult,human,Human,baseline,17,,,,0,0,0,0,0,0
Anne,020210.cha,child,human,Human,baseline,3,0.0,,0.0,0,0,2,0,2,2
Anne,020210.cha,mother,human,Human,baseline,3,0.5,1.0,0.6666666666666666,1,1,2,1,1,3
Anne,020210.cha,other_adult,human,Human,baseline,3,,,,0,0,0,0,0,0
Anne,020826.cha,child,human,Human,baseline,21,,0.0,0.0,0,0,0,1,1,1
Anne,020826.cha,mother,human,Human,baseline,21,,0.0,0.0,0,0,0,1,1,1
Anne,020826.cha,other_adult,human,Human,baseline,21,,,,0,0,0,0,0,0
Anne,020629.cha,child,human,Human,baseline,17,,0.0,0.0,0,0,0,2,2,2
Anne,020629.cha,mother,human,Human,baseline,17,0.0,0.25,0.2,0,1,1,4,4,5
Anne,020629.cha,other_adult,human,Human,baseline,17,,,,0,0,0,0,0,0
Anne,020824.cha,child,human,Human,baseline,21,0.0,0.0,0.0,0,0,2,1,3,3
Anne,020824.cha,mother,human,Human,baseline,21,0.5,0.5,0.5,1,1,2,2,2,4
Anne,020824.cha,other_adult,human,Human,baseline,21,,,,0,0,0,0,0,0
Anne,020400.cha,child,human,Human,baseline,9,,,,0,0,0,0,0,0
Anne,020400.cha,mother,human,Human,baseline,9,,,,0,0,0,0,0,0
Anne,020400.cha,other_adult,human,Human,baseline,9,,,,0,0,0,0,0,0
Anne,020414.cha,child,human,Human,baseline,9,,,,0,0,0,0,0,0
Anne,020414.cha,mother,human,Human,baseline,9,0.0,,0.0,0,0,1,0,1,1
Anne,020414.cha,other_adult,human,Human,baseline,9,,,,0,0,0,0,0,0
Anne,020212.cha,child,human,Human,baseline,5,0.5,0.25,0.375,2,1,4,4,5,8
Anne,020212.cha,mother,human,Human,baseline,5,0.0,0.0,0.0,0,0,3,4,7,7
Anne,020212.cha,other_adult,human,Human,baseline,5,,,,0,0,0,0,0,0
Anne,011021.cha,child,human,Human,baseline,1,0.0,0.0,0.0,0,0,1,1,2,2
Anne,011021.cha,mother,human,Human,baseline,1,,1.0,1.0,0,1,0,1,0,1
Anne,011021.cha,other_adult,human,Human,baseline,1,,,,0,0,0,0,0,0
Anne,020604.cha,child,human,Human,baseline,16,,1.0,1.0,0,1,0,1,0,1
Anne,020604.cha,mother,human,Human,baseline,16,0.0,1.0,0.5,0,1,1,1,1,2
Anne,020604.cha,other_adult,human,Human,baseline,16,,,,0,0,0,0,0,0
John,020609.cha,child,human,Human,baseline,19,0.0,1.0,0.5,0,1,1,1,1,2
John,020609.cha,mother,human,Human,baseline,19,0.0,0.3333333333333333,0.2,0,1,2,3,4,5
John,020609.cha,other_adult,human,Human,baseline,19,,,,0,0,0,0,0,0
John,020620.cha,child,human,Human,baseline,20,0.3333333333333333,0.5,0.42857142857142855,1,2,3,4,4,7
John,020620.cha,mother,human,Human,baseline,20,0.42857142857142855,0.0,0.3,3,0,7,3,7,10
John,020620.cha,other_adult,human,Human,baseline,20,,,,0,0,0,0,0,0
John,020026.cha,child,human,Human,baseline,9,,0.0,0.0,0,0,0,1,1,1
John,020026.cha,mother,human,Human,baseline,9,,,,0,0,0,0,0,0
John,020026.cha,other_adult,human,Human,baseline,9,,,,0,0,0,0,0,0
John,020018.cha,child,human,Human,baseline,9,1.0,0.0,0.25,1,0,1,3,3,4
John,020018.cha,mother,human,Human,baseline,9,1.0,0.0,0.5,2,0,2,2,2,4
John,020018.cha,other_adult,human,Human,baseline,9,,,,0,0,0,0,0,0
John,020814.cha,child,human,Human,baseline,22,0.3333333333333333,0.8,0.625,1,4,3,5,3,8
John,020814.cha,mother,human,Human,baseline,22,0.6,0.0,0.375,3,0,5,3,5,8
John,020814.cha,other_adult,human,Human,baseline,22,,,,0,0,0,0,0,0
John,020800.cha,child,human,Human,baseline,20,0.0,0.5,0.3333333333333333,0,1,1,2,2,3
John,020800.cha,mother,human,Human,baseline,20,0.25,0.0,0.2,1,0,4,1,4,5
John,020800.cha,other_adult,human,Human,baseline,20,,,,0,0,0,0,0,0
John,020208.cha,child,human,Human,baseline,11,,,,0,0,0,0,0,0
John,020208.cha,mother,human,Human,baseline,11,,,,0,0,0,0,0,0
John,020208.cha,other_adult,human,Human,baseline,11,,,,0,0,0,0,0,0
John,020221.cha,child,human,Human,baseline,12,1.0,0.3333333333333333,0.5,1,1,1,3,2,4
John,020221.cha,mother,human,Human,baseline,12,0.0,0.0,0.0,0,0,2,1,3,3
John,020221.cha,other_adult,human,Human,baseline,12,,,,0,0,0,0,0,0
John,020905.cha,child,human,Human,baseline,22,,1.0,1.0,0,1,0,1,0,1
John,020905.cha,mother,human,Human,baseline,22,0.0,,0.0,0,0,1,0,1,1
John,020905.cha,other_adult,human,Human,baseline,22,,,,0,0,0,0,0,0
John,020520.cha,child,human,Human,baseline,19,0.3,0.21428571428571427,0.25,3,3,10,14,18,24
John,020520.cha,mother,human,Human,baseline,19,0.5,0.35294117647058826,0.41379310344827586,6,6,12,17,17,29
John,020520.cha,other_adult,human,Human,baseline,19,,,,0,0,0,0,0,0
John,020326.cha,child,human,Human,baseline,15,0.0,0.0,0.0,0,0,1,3,4,4
John,020326.cha,mother,human,Human,baseline,15,0.0,0.0,0.0,0,0,2,1,3,3
John,020326.cha,other_adult,human,Human,baseline,15,,,,0,0,0,0,0,0
John,020124.cha,child,human,Human,baseline,11,,,,0,0,0,0,0,0
John,020124.cha,mother,human,Human,baseline,11,,1.0,1.0,0,1,0,1,0,1
John,020124.cha,other_adult,human,Human,baseline,11,,,,0,0,0,0,0,0
John,020912.cha,child,human,Human,baseline,22,0.5,0.0,0.3333333333333333,1,0,2,1,2,3
John,020912.cha,mother,human,Human,baseline,22,0.0,0.0,0.0,0,0,2,2,4,4
John,020912.cha,other_adult,human,Human,baseline,22,,,,0,0,0,0,0,0
John,020319.cha,child,human,Human,baseline,15,0.3333333333333333,0.5,0.42857142857142855,1,2,3,4,4,7
John,020319.cha,mother,human,Human,baseline,15,0.3333333333333333,0.0,0.14285714285714285,1,0,3,4,6,7
John,020319.cha,other_adult,human,Human,baseline,15,,,,0,0,0,0,0,0
John,020708.cha,child,human,Human,baseline,20,,,,0,0,0,0,0,0
John,020708.cha,mother,human,Human,baseline,20,0.0,0.0,0.0,0,0,1,1,2,2
John,020708.cha,other_adult,human,Human,baseline,20,,,,0,0,0,0,0,0
John,020724.cha,child,human,Human,baseline,20,0.42857142857142855,0.6666666666666666,0.5625,3,6,7,9,7,16
John,020724.cha,mother,human,Human,baseline,20,0.6,0.16666666666666666,0.4375,6,1,10,6,9,16
John,020724.cha,other_adult,human,Human,baseline,20,,,,0,0,0,0,0,0
John,021017.cha,child,human,Human,baseline,24,0.0,1.0,0.5,0,1,1,1,1,2
John,021017.cha,mother,human,Human,baseline,24,0.0,0.0,0.0,0,0,2,1,3,3
John,021017.cha,other_adult,human,Human,baseline,24,,,,0,0,0,0,0,0
John,020527.cha,child,human,Human,baseline,19,1.0,0.0,0.2,1,0,1,4,4,5
John,020527.cha,mother,human,Human,baseline,19,0.0,0.0,0.0,0,0,1,6,7,7
John,020527.cha,other_adult,human,Human,baseline,19,,,,0,0,0,0,0,0
John,011129.cha,child,human,Human,baseline,6,0.5,0.6666666666666666,0.6,1,2,2,3,2,5
John,011129.cha,mother,human,Human,baseline,6,0.3333333333333333,0.0,0.16666666666666666,1,0,3,3,5,6
John,011129.cha,other_adult,human,Human,baseline,6,,,,0,0,0,0,0,0
John,011115.cha,child,human,Human,baseline,5,0.4,0.2,0.3,2,1,5,5,7,10
John,011115.cha,mother,human,Human,baseline,5,0.4,0.6666666666666666,0.5,2,2,5,3,4,8
John,011115.cha,other_adult,human,Human,baseline,5,,,,0,0,0,0,0,0
John,021024.cha,child,human,Human,baseline,24,0.3333333333333333,1.0,0.5555555555555556,2,3,6,3,4,9
John,021024.cha,mother,human,Human,baseline,24,0.5,,0.5,4,0,8,0,4,8
John,021024.cha,other_adult,human,Human,baseline,24,,,,0,0,0,0,0,0
John,020919.cha,child,human,Human,baseline,24,0.5,0.375,0.4166666666666667,2,3,4,8,7,12
John,020919.cha,mother,human,Human,baseline,24,0.5,0.4,0.46153846153846156,4,2,8,5,7,13
John,020919.cha,other_adult,human,Human,baseline,24,,,,0,0,0,0,0,0
John,020304.cha,child,human,Human,baseline,13,,0.25,0.25,0,1,0,4,3,4
John,020304.cha,mother,human,Human,baseline,13,,0.0,0.0,0,0,0,4,4,4
John,020304.cha,other_adult,human,Human,baseline,13,,,,0,0,0,0,0,0
John,020701.cha,child,human,Human,baseline,20,0.5,0.0,0.3333333333333333,1,0,2,1,2,3
John,020701.cha,mother,human,Human,baseline,20,0.25,0.3333333333333333,0.2857142857142857,1,1,4,3,5,7
John,020701.cha,other_adult,human,Human,baseline,20,,,,0,0,0,0,0,0
John,020117.cha,child,human,Human,baseline,11,1.0,0.0,0.5,1,0,1,1,1,2
John,020117.cha,mother,human,Human,baseline,11,1.0,0.5,0.6666666666666666,1,1,1,2,1,3
John,020117.cha,other_adult,human,Human,baseline,11,,,,0,0,0,0,0,0
John,020102.cha,child,human,Human,baseline,10,1.0,0.0,0.2857142857142857,2,0,2,5,5,7
John,020102.cha,mother,human,Human,baseline,10,,0.0,0.0,0,0,0,6,6,6
John,020102.cha,other_adult,human,Human,baseline,10,,,,0,0,0,0,0,0
John,020506.cha,child,human,Human,baseline,16,0.5,0.0,0.3333333333333333,1,0,2,1,2,3
John,020506.cha,mother,human,Human,baseline,16,0.0,0.75,0.6,0,3,1,4,2,5
John,020506.cha,other_adult,human,Human,baseline,16,,,,0,0,0,0,0,0
John,021009.cha,child,human,Human,baseline,24,0.0,0.4,0.3333333333333333,0,2,1,5,4,6
John,021009.cha,mother,human,Human,baseline,24,1.0,0.4,0.5714285714285714,2,2,2,5,3,7
John,021009.cha,other_adult,human,Human,baseline,24,,,,0,0,0,0,0,0
John,020013.cha,child,human,Human,baseline,8,0.5,0.5,0.5,1,2,2,4,3,6
John,020013.cha,mother,human,Human,baseline,8,0.5,0.0,0.3333333333333333,1,0,2,1,2,3
John,020013.cha,other_adult,human,Human,baseline,8,,,,0,0,0,0,0,0
John,020429.cha,child,human,Human,baseline,15,0.0,,0.0,0,0,3,0,3,3
John,020429.cha,mother,human,Human,baseline,15,,0.3333333333333333,0.3333333333333333,0,1,0,3,2,3
John,020429.cha,other_adult,human,Human,baseline,15,,,,0,0,0,0,0,0
John,020821.cha,child,human,Human,baseline,22,1.0,0.5,0.6666666666666666,1,1,1,2,1,3
John,020821.cha,mother,human,Human,baseline,22,0.6666666666666666,0.0,0.5,2,0,3,1,2,4
John,020821.cha,other_adult,human,Human,baseline,22,,,,0,0,0,0,0,0
John,020228.cha,child,human,Human,baseline,13,1.0,1.0,1.0,1,1,1,1,0,2
John,020228.cha,mother,human,Human,baseline,13,,0.0,0.0,0,0,0,1,1,1
John,020228.cha,other_adult,human,Human,baseline,13,,,,0,0,0,0,0,0
Nicole,020806.cha,child,human,Human,baseline,4,0.0,0.5,0.25,0,1,2,2,3,4
Nicole,020806.cha,mother,human,Human,baseline,4,0.25,0.0,0.2,1,0,4,1,4,5
Nicole,020806.cha,other_adult,human,Human,baseline,4,,,,0,0,0,0,0,0
Nicole,020623.cha,child,human,Human,baseline,2,,,,0,0,0,0,0,0
Nicole,020623.cha,mother,human,Human,baseline,2,,,,0,0,0,0,0,0
Nicole,020623.cha,other_adult,human,Human,baseline,2,,,,0,0,0,0,0,0
Nicole,020421.cha,child,human,Human,baseline,2,,,,0,0,0,0,0,0
Nicole,020421.cha,mother,human,Human,baseline,2,1.0,,1.0,1,0,1,0,0,1
Nicole,020421.cha,other_adult,human,Human,baseline,2,,,,0,0,0,0,0,0
Nicole,021111.cha,child,human,Human,baseline,5,,0.0,0.0,0,0,0,1,1,1
Nicole,021111.cha,mother,human,Human,baseline,5,,0.0,0.0,0,0,0,1,1,1
Nicole,021111.cha,other_adult,human,Human,baseline,5,,,,0,0,0,0,0,0
Nicole,020418.cha,child,human,Human,baseline,2,,,,0,0,0,0,0,0
Nicole,020418.cha,mother,human,Human,baseline,2,,,,0,0,0,0,0,0
Nicole,020418.cha,other_adult,human,Human,baseline,2,,,,0,0,0,0,0,0
Nicole,020730.cha,child,human,Human,baseline,3,,1.0,1.0,0,1,0,1,0,1
Nicole,020730.cha,mother,human,Human,baseline,3,1.0,1.0,1.0,1,1,1,1,0,2
Nicole,020730.cha,other_adult,human,Human,baseline,3,,,,0,0,0,0,0,0
Nicole,020903.cha,child,human,Human,baseline,5,,0.0,0.0,0,0,0,1,1,1
Nicole,020903.cha,mother,human,Human,baseline,5,,,,0,0,0,0,0,0
Nicole,020903.cha,other_adult,human,Human,baseline,5,,,,0,0,0,0,0,0
Nicole,020917.cha,child,human,Human,baseline,5,,0.0,0.0,0,0,0,1,1,1
Nicole,020917.cha,mother,human,Human,baseline,5,1.0,,1.0,1,0,1,0,0,1
Nicole,020917.cha,other_adult,human,Human,baseline,5,,,,0,0,0,0,0,0
Nicole,020526.cha,child,human,Human,baseline,2,,,,0,0,0,0,0,0
Nicole,020526.cha,mother,human,Human,baseline,2,,,,0,0,0,0,0,0
Nicole,020526.cha,other_adult,human,Human,baseline,2,,,,0,0,0,0,0,0
Nicole,021029.cha,child,human,Human,baseline,5,,,,0,0,0,0,0,0
Nicole,021029.cha,mother,human,Human,baseline,5,,,,0,0,0,0,0,0
Nicole,021029.cha,other_adult,human,Human,baseline,5,,,,0,0,0,0,0,0
Nicole,021001.cha,child,human,Human,baseline,5,,,,0,0,0,0,0,0
Nicole,021001.cha,mother,human,Human,baseline,5,0.0,,0.0,0,0,1,0,1,1
Nicole,021001.cha,other_adult,human,Human,baseline,5,,,,0,0,0,0,0,0
Nicole,021022.cha,child,human,Human,baseline,5,0.0,,0.0,0,0,1,0,1,1
Nicole,021022.cha,mother,human,Human,baseline,5,0.0,,0.0,0,0,1,0,1,1
Nicole,021022.cha,other_adult,human,Human,baseline,5,,,,0,0,0,0,0,0
Nicole,020712.cha,child,human,Human,baseline,2,,,,0,0,0,0,0,0
Nicole,020712.cha,mother,human,Human,baseline,2,,,,0,0,0,0,0,0
Nicole,020712.cha,other_adult,human,Human,baseline,2,,,,0,0,0,0,0,0
Nicole,020706.cha,child,human,Human,baseline,2,,1.0,1.0,0,1,0,1,0,1
Nicole,020706.cha,mother,human,Human,baseline,2,,,,0,0,0,0,0,0
Nicole,020706.cha,other_adult,human,Human,baseline,2,,,,0,0,0,0,0,0
Nicole,020909.cha,child,human,Human,baseline,5,,,,0,0,0,0,0,0
Nicole,020909.cha,mother,human,Human,baseline,5,,,,0,0,0,0,0,0
Nicole,020909.cha,other_adult,human,Human,baseline,5,,,,0,0,0,0,0,0
Nicole,021008.cha,child,human,Human,baseline,5,,,,0,0,0,0,0,0
Nicole,021008.cha,mother,human,Human,baseline,5,,,,0,0,0,0,0,0
Nicole,021008.cha,other_adult,human,Human,baseline,5,,,,0,0,0,0,0,0
Nicole,020317.cha,child,human,Human,baseline,1,0.0,0.0,0.0,0,0,2,2,4,4
Nicole,020317.cha,mother,human,Human,baseline,1,0.5,0.5,0.5,1,1,2,2,2,4
Nicole,020317.cha,other_adult,human,Human,baseline,1,,,,0,0,0,0,0,0
Nicole,020505.cha,child,human,Human,baseline,2,,,,0,0,0,0,0,0
Nicole,020505.cha,mother,human,Human,baseline,2,,,,0,0,0,0,0,0
Nicole,020505.cha,other_adult,human,Human,baseline,2,,,,0,0,0,0,0,0
Nicole,030003.cha,child,human,Human,baseline,5,,,,0,0,0,0,0,0
Nicole,030003.cha,mother,human,Human,baseline,5,,,,0,0,0,0,0,0
Nicole,030003.cha,other_adult,human,Human,baseline,5,,,,0,0,0,0,0,0
Nicole,020429.cha,child,human,Human,baseline,2,,,,0,0,0,0,0,0
Nicole,020429.cha,mother,human,Human,baseline,2,,,,0,0,0,0,0,0
Nicole,020429.cha,other_adult,human,Human,baseline,2,,,,0,0,0,0,0,0
Nicole,020400.cha,child,human,Human,baseline,2,1.0,1.0,1.0,1,1,1,1,0,2
Nicole,020400.cha,mother,human,Human,baseline,2,,,,0,0,0,0,0,0
Nicole,020400.cha,other_adult,human,Human,baseline,2,,,,0,0,0,0,0,0
Nicole,021118.cha,child,human,Human,baseline,5,,,,0,0,0,0,0,0
Nicole,021118.cha,mother,human,Human,baseline,5,,,,0,0,0,0,0,0
Nicole,021118.cha,other_adult,human,Human,baseline,5,,,,0,0,0,0,0,0
Nicole,020820.cha,child,human,Human,baseline,5,,1.0,1.0,0,2,0,2,0,2
Nicole,020820.cha,mother,human,Human,baseline,5,0.75,0.0,0.6,3,0,4,1,2,5
Nicole,020820.cha,other_adult,human,Human,baseline,5,,,,0,0,0,0,0,0
Nicole,030010.cha,child,human,Human,baseline,6,0.0,,0.0,0,0,1,0,1,1
Nicole,030010.cha,mother,human,Human,baseline,6,0.0,0.0,0.0,0,0,1,1,2,2
Nicole,030010.cha,other_adult,human,Human,baseline,6,,,,0,0,0,0,0,0
Warren,020422.cha,child,human,Human,baseline,24,0.42857142857142855,0.125,0.26666666666666666,3,1,7,8,11,15
Warren,020422.cha,mother,human,Human,baseline,24,0.2,0.0,0.0625,1,0,5,11,15,16
Warren,020422.cha,other_adult,human,Human,baseline,24,,,,0,0,0,0,0,0
Warren,011006.cha,child,human,Human,baseline,1,0.0,0.25,0.16666666666666666,0,1,2,4,5,6
Warren,011006.cha,mother,human,Human,baseline,1,0.0,0.2,0.16666666666666666,0,1,1,5,5,6
Warren,011006.cha,other_adult,human,Human,baseline,1,,,,0,0,0,0,0,0
Warren,020218.cha,child,human,Human,baseline,19,0.375,0.1,0.2222222222222222,3,1,8,10,14,18
Warren,020218.cha,mother,human,Human,baseline,19,0.25,0.4375,0.375,2,7,8,16,15,24
Warren,020218.cha,other_adult,human,Human,baseline,19,,,,0,0,0,0,0,0
Warren,020024.cha,child,human,Human,baseline,8,0.2,0.2,0.2,1,1,5,5,8,10
Warren,020024.cha,mother,human,Human,baseline,8,0.3333333333333333,0.16666666666666666,0.25,2,1,6,6,9,12
Warren,020024.cha,other_adult,human,Human,baseline,8,,,,0,0,0,0,0,0
Warren,020810.cha,child,human,Human,baseline,38,0.4,0.6666666666666666,0.5,2,2,5,3,4,8
Warren,020810.cha,mother,human,Human,baseline,38,0.1111111111111111,0.5,0.23076923076923078,1,2,9,4,10,13
Warren,020810.cha,other_adult,human,Human,baseline,38,,,,0,0,0,0,0,0
Warren,020623.cha,child,human,Human,baseline,32,0.0,0.8333333333333334,0.5555555555555556,0,5,3,6,4,9
Warren,020623.cha,mother,human,Human,baseline,32,0.6666666666666666,0.0,0.5,6,0,9,3,6,12
Warren,020623.cha,other_adult,human,Human,baseline,32,,,,0,0,0,0,0,0
Warren,011029.cha,child,human,Human,baseline,3,0.5,0.14285714285714285,0.2222222222222222,1,1,2,7,7,9
Warren,011029.cha,mother,human,Human,baseline,3,0.3333333333333333,0.16666666666666666,0.2222222222222222,1,1,3,6,7,9
Warren,011029.cha,other_adult,human,Human,baseline,3,,,,0,0,0,0,0,0
Warren,011015.cha,child,human,Human,baseline,2,0.6666666666666666,0.16666666666666666,0.3333333333333333,2,1,3,6,6,9
Warren,011015.cha,mother,human,Human,baseline,2,0.3333333333333333,0.125,0.18181818181818182,1,1,3,8,9,11
Warren,011015.cha,other_adult,human,Human,baseline,2,,,,0,0,0,0,0,0
Warren,020624.cha,child,human,Human,baseline,33,0.0,0.5,0.3333333333333333,0,2,2,4,4,6
Warren,020624.cha,mother,human,Human,baseline,33,0.6,0.0,0.5,3,0,5,1,3,6
Warren,020624.cha,other_adult,human,Human,baseline,33,,,,0,0,0,0,0,0
Warren,020816.cha,child,human,Human,baseline,38,0.0,0.18181818181818182,0.14285714285714285,0,2,3,11,12,14
Warren,020816.cha,mother,human,Human,baseline,38,0.16666666666666666,0.0,0.1,1,0,6,4,9,10
Warren,020816.cha,other_adult,human,Human,baseline,38,,,,0,0,0,0,0,0
Warren,020520.cha,child,human,Human,baseline,26,0.5,0.3333333333333333,0.4,2,2,4,6,6,10
Warren,020520.cha,mother,human,Human,baseline,26,0.75,0.0,0.3333333333333333,3,0,4,5,6,9
Warren,020520.cha,other_adult,human,Human,baseline,26,,,,0,0,0,0,0,0
Warren,011104.cha,child,human,Human,baseline,3,0.5,0.2,0.2857142857142857,1,1,2,5,5,7
Warren,011104.cha,mother,human,Human,baseline,3,0.3333333333333333,0.5,0.42857142857142855,1,2,3,4,4,7
Warren,011104.cha,other_adult,human,Human,baseline,3,,,,0,0,0,0,0,0
Warren,020721.cha,child,human,Human,baseline,37,0.2,0.7142857142857143,0.5,1,5,5,7,6,12
Warren,020721.cha,mother,human,Human,baseline,37,0.3,0.0,0.21428571428571427,3,0,10,4,11,14
Warren,020721.cha,other_adult,human,Human,baseline,37,,,,0,0,0,0,0,0
Warren,020325.cha,child,human,Human,baseline,23,0.5,0.0,0.25,3,0,6,6,9,12
Warren,020325.cha,mother,human,Human,baseline,23,0.5,0.25,0.3333333333333333,2,2,4,8,8,12
Warren,020325.cha,other_adult,human,Human,baseline,23,,,,0,0,0,0,0,0
Warren,020708.cha,child,human,Human,baseline,36,0.0,0.375,0.25,0,3,4,8,9,12
Warren,020708.cha,mother,human,Human,baseline,36,0.625,0.3333333333333333,0.5454545454545454,5,1,8,3,5,11
Warren,020708.cha,other_adult,human,Human,baseline,36,,,,0,0,0,0,0,0
Warren,020308.cha,child,human,Human,baseline,20,0.0,0.8,0.5714285714285714,0,4,2,5,3,7
Warren,020308.cha,mother,human,Human,baseline,20,0.4444444444444444,0.0,0.4,4,0,9,1,6,10
Warren,020308.cha,other_adult,human,Human,baseline,20,,,,0,0,0,0,0,0
Warren,020527.cha,child,human,Human,baseline,27,0.5,0.18181818181818182,0.29411764705882354,3,2,6,11,12,17
Warren,020527.cha,mother,human,Human,baseline,27,0.5714285714285714,0.125,0.3333333333333333,4,1,7,8,10,15
Warren,020527.cha,other_adult,human,Human,baseline,27,,,,0,0,0,0,0,0
Warren,020916.cha,child,human,Human,baseline,39,0.0,0.6666666666666666,0.4,0,2,2,3,3,5
Warren,020916.cha,mother,human,Human,baseline,39,0.4,0.0,0.3333333333333333,2,0,5,1,4,6
Warren,020916.cha,other_adult,human,Human,baseline,39,,,,0,0,0,0,0,0
Warren,011126.cha,child,human,Human,baseline,5,0.0,0.375,0.2727272727272727,0,3,3,8,8,11
Warren,011126.cha,mother,human,Human,baseline,5,0.6666666666666666,0.0,0.4,4,0,6,4,6,10
Warren,011126.cha,other_adult,human,Human,baseline,5,,,,0,0,0,0,0,0
Warren,020705.cha,child,human,Human,baseline,34,1.0,0.2,0.42857142857142855,2,1,2,5,4,7
Warren,020705.cha,mother,human,Human,baseline,34,0.5,0.25,0.3333333333333333,1,1,2,4,4,6
Warren,020705.cha,other_adult,human,Human,baseline,34,,,,0,0,0,0,0,0
Warren,020513.cha,child,human,Human,baseline,26,0.2857142857142857,0.375,0.3333333333333333,2,3,7,8,10,15
Warren,020513.cha,mother,human,Human,baseline,26,0.5384615384615384,0.5,0.5294117647058824,7,2,13,4,8,17
Warren,020513.cha,other_adult,human,Human,baseline,26,,,,0,0,0,0,0,0
Warren,020712.cha,child,human,Human,baseline,37,0.14285714285714285,0.5,0.35294117647058826,1,5,7,10,11,17
Warren,020712.cha,mother,human,Human,baseline,37,0.25,0.16666666666666666,0.2222222222222222,3,1,12,6,14,18
Warren,020712.cha,other_adult,human,Human,baseline,37,,,,0,0,0,0,0,0
Warren,020302.cha,child,human,Human,baseline,20,0.0,0.125,0.1,0,1,2,8,9,10
Warren,020302.cha,mother,human,Human,baseline,20,0.3333333333333333,0.375,0.36363636363636365,1,3,3,8,7,11
Warren,020302.cha,other_adult,human,Human,baseline,20,,,,0,0,0,0,0,0
Warren,020114.cha,child,human,Human,baseline,11,,0.1111111111111111,0.1111111111111111,0,1,0,9,8,9
Warren,020114.cha,mother,human,Human,baseline,11,0.3333333333333333,0.14285714285714285,0.2,1,1,3,7,8,10
Warren,020114.cha,other_adult,human,Human,baseline,11,,,,0,0,0,0,0,0
Warren,020128.cha,child,human,Human,baseline,11,0.3333333333333333,,0.3333333333333333,1,0,3,0,2,3
Warren,020128.cha,mother,human,Human,baseline,11,0.0,0.5,0.25,0,1,2,2,3,4
Warren,020128.cha,other_adult,human,Human,baseline,11,,,,0,0,0,0,0,0
Warren,020101.cha,child,human,Human,baseline,9,0.0,0.0,0.0,0,0,1,3,4,4
Warren,020101.cha,mother,human,Human,baseline,9,0.0,0.25,0.2,0,1,1,4,4,5
Warren,020101.cha,other_adult,human,Human,baseline,9,,,,0,0,0,0,0,0
Warren,020920.cha,child,human,Human,baseline,41,1.0,0.3333333333333333,0.5,1,1,1,3,2,4
Warren,020920.cha,mother,human,Human,baseline,41,0.2,0.0,0.1111111111111111,1,0,5,4,8,9
Warren,020920.cha,other_adult,human,Human,baseline,41,,,,0,0,0,0,0,0
Warren,020707.cha,child,human,Human,baseline,34,1.0,0.4,0.5,1,2,1,5,3,6
Warren,020707.cha,mother,human,Human,baseline,34,0.3333333333333333,0.14285714285714285,0.2,1,1,3,7,8,10
Warren,020707.cha,other_adult,human,Human,baseline,34,,,,0,0,0,0,0,0
Warren,020205.cha,child,human,Human,baseline,12,0.3333333333333333,0.0,0.2,1,0,3,2,4,5
Warren,020205.cha,mother,human,Human,baseline,12,0.5,0.25,0.3333333333333333,1,1,2,4,4,6
Warren,020205.cha,other_adult,human,Human,baseline,12,,,,0,0,0,0,0,0
Warren,020824.cha,child,human,Human,baseline,38,0.14285714285714285,0.6666666666666666,0.3,1,2,7,3,7,10
Warren,020824.cha,mother,human,Human,baseline,38,0.3,,0.3,3,0,10,0,7,10
Warren,020824.cha,other_adult,human,Human,baseline,38,,,,0,0,0,0,0,0
Warren,020400.cha,child,human,Human,baseline,23,0.5,0.25,0.375,2,1,4,4,5,8
Warren,020400.cha,mother,human,Human,baseline,23,0.5714285714285714,0.0,0.36363636363636365,4,0,7,4,7,11
Warren,020400.cha,other_adult,human,Human,baseline,23,,,,0,0,0,0,0,0
Warren,020212.cha,child,human,Human,baseline,14,0.3333333333333333,0.2857142857142857,0.3076923076923077,2,2,6,7,9,13
Warren,020212.cha,mother,human,Human,baseline,14,0.25,0.2222222222222222,0.23529411764705882,2,2,8,9,13,17
Warren,020212.cha,other_adult,human,Human,baseline,14,,,,0,0,0,0,0,0
Warren,020017.cha,child,human,Human,baseline,7,,0.0,0.0,0,0,0,2,2,2
Warren,020017.cha,mother,human,Human,baseline,7,0.0,0.0,0.0,0,0,1,2,3,3
Warren,020017.cha,other_adult,human,Human,baseline,7,,,,0,0,0,0,0,0
Warren,020003.cha,child,human,Human,baseline,6,0.0,0.0,0.0,0,0,2,1,3,3
Warren,020003.cha,mother,human,Human,baseline,6,0.5,1.0,0.6666666666666666,1,1,2,1,1,3
Warren,020003.cha,other_adult,human,Human,baseline,6,,,,0,0,0,0,0,0
Warren,020413.cha,child,human,Human,baseline,23,0.5,0.0,0.3333333333333333,2,0,4,2,4,6
Warren,020413.cha,mother,human,Human,baseline,23,0.25,0.0,0.16666666666666666,1,0,4,2,5,6
Warren,020413.cha,other_adult,human,Human,baseline,23,,,,0,0,0,0,0,0
Warren,020604.cha,child,human,Human,baseline,32,0.2,0.26666666666666666,0.25,1,4,5,15,15,20
Warren,020604.cha,mother,human,Human,baseline,32,0.5555555555555556,0.25,0.38095238095238093,5,3,9,12,13,21
Warren,020604.cha,other_adult,human,Human,baseline,32,,,,0,0,0,0,0,0
